Sample in Buffer,Sample in Window,TRIGGER,count[31:0]
Radix - UNSIGNED,UNSIGNED,UNSIGNED,UNSIGNED
0,0,0,4015630872
1,1,0,4015630873
2,2,0,4015630874
3,3,0,4015630875
4,4,0,4015630876
5,5,0,4015630877
6,6,0,4015630878
7,7,0,4015630879
8,8,0,4015630880
9,9,0,4015630881
10,10,0,4015630882
11,11,0,4015630883
12,12,0,4015630884
13,13,0,4015630885
14,14,0,4015630886
15,15,0,4015630887
16,16,0,4015630888
17,17,0,4015630889
18,18,0,4015630890
19,19,0,4015630891
20,20,0,4015630892
21,21,0,4015630893
22,22,0,4015630894
23,23,0,4015630895
24,24,0,4015630896
25,25,0,4015630897
26,26,0,4015630898
27,27,0,4015630899
28,28,0,4015630900
29,29,0,4015630901
30,30,0,4015630902
31,31,0,4015630903
32,32,0,4015630904
33,33,0,4015630905
34,34,0,4015630906
35,35,0,4015630907
36,36,0,4015630908
37,37,0,4015630909
38,38,0,4015630910
39,39,0,4015630911
40,40,0,4015630912
41,41,0,4015630913
42,42,0,4015630914
43,43,0,4015630915
44,44,0,4015630916
45,45,0,4015630917
46,46,0,4015630918
47,47,0,4015630919
48,48,0,4015630920
49,49,0,4015630921
50,50,0,4015630922
51,51,0,4015630923
52,52,0,4015630924
53,53,0,4015630925
54,54,0,4015630926
55,55,0,4015630927
56,56,0,4015630928
57,57,0,4015630929
58,58,0,4015630930
59,59,0,4015630931
60,60,0,4015630932
61,61,0,4015630933
62,62,0,4015630934
63,63,0,4015630935
64,64,0,4015630936
65,65,0,4015630937
66,66,0,4015630938
67,67,0,4015630939
68,68,0,4015630940
69,69,0,4015630941
70,70,0,4015630942
71,71,0,4015630943
72,72,0,4015630944
73,73,0,4015630945
74,74,0,4015630946
75,75,0,4015630947
76,76,0,4015630948
77,77,0,4015630949
78,78,0,4015630950
79,79,0,4015630951
80,80,0,4015630952
81,81,0,4015630953
82,82,0,4015630954
83,83,0,4015630955
84,84,0,4015630956
85,85,0,4015630957
86,86,0,4015630958
87,87,0,4015630959
88,88,0,4015630960
89,89,0,4015630961
90,90,0,4015630962
91,91,0,4015630963
92,92,0,4015630964
93,93,0,4015630965
94,94,0,4015630966
95,95,0,4015630967
96,96,0,4015630968
97,97,0,4015630969
98,98,0,4015630970
99,99,0,4015630971
100,100,0,4015630972
101,101,0,4015630973
102,102,0,4015630974
103,103,0,4015630975
104,104,0,4015630976
105,105,0,4015630977
106,106,0,4015630978
107,107,0,4015630979
108,108,0,4015630980
109,109,0,4015630981
110,110,0,4015630982
111,111,0,4015630983
112,112,0,4015630984
113,113,0,4015630985
114,114,0,4015630986
115,115,0,4015630987
116,116,0,4015630988
117,117,0,4015630989
118,118,0,4015630990
119,119,0,4015630991
120,120,0,4015630992
121,121,0,4015630993
122,122,0,4015630994
123,123,0,4015630995
124,124,0,4015630996
125,125,0,4015630997
126,126,0,4015630998
127,127,0,4015630999
128,128,0,4015631000
129,129,0,4015631001
130,130,0,4015631002
131,131,0,4015631003
132,132,0,4015631004
133,133,0,4015631005
134,134,0,4015631006
135,135,0,4015631007
136,136,0,4015631008
137,137,0,4015631009
138,138,0,4015631010
139,139,0,4015631011
140,140,0,4015631012
141,141,0,4015631013
142,142,0,4015631014
143,143,0,4015631015
144,144,0,4015631016
145,145,0,4015631017
146,146,0,4015631018
147,147,0,4015631019
148,148,0,4015631020
149,149,0,4015631021
150,150,0,4015631022
151,151,0,4015631023
152,152,0,4015631024
153,153,0,4015631025
154,154,0,4015631026
155,155,0,4015631027
156,156,0,4015631028
157,157,0,4015631029
158,158,0,4015631030
159,159,0,4015631031
160,160,0,4015631032
161,161,0,4015631033
162,162,0,4015631034
163,163,0,4015631035
164,164,0,4015631036
165,165,0,4015631037
166,166,0,4015631038
167,167,0,4015631039
168,168,0,4015631040
169,169,0,4015631041
170,170,0,4015631042
171,171,0,4015631043
172,172,0,4015631044
173,173,0,4015631045
174,174,0,4015631046
175,175,0,4015631047
176,176,0,4015631048
177,177,0,4015631049
178,178,0,4015631050
179,179,0,4015631051
180,180,0,4015631052
181,181,0,4015631053
182,182,0,4015631054
183,183,0,4015631055
184,184,0,4015631056
185,185,0,4015631057
186,186,0,4015631058
187,187,0,4015631059
188,188,0,4015631060
189,189,0,4015631061
190,190,0,4015631062
191,191,0,4015631063
192,192,0,4015631064
193,193,0,4015631065
194,194,0,4015631066
195,195,0,4015631067
196,196,0,4015631068
197,197,0,4015631069
198,198,0,4015631070
199,199,0,4015631071
200,200,0,4015631072
201,201,0,4015631073
202,202,0,4015631074
203,203,0,4015631075
204,204,0,4015631076
205,205,0,4015631077
206,206,0,4015631078
207,207,0,4015631079
208,208,0,4015631080
209,209,0,4015631081
210,210,0,4015631082
211,211,0,4015631083
212,212,0,4015631084
213,213,0,4015631085
214,214,0,4015631086
215,215,0,4015631087
216,216,0,4015631088
217,217,0,4015631089
218,218,0,4015631090
219,219,0,4015631091
220,220,0,4015631092
221,221,0,4015631093
222,222,0,4015631094
223,223,0,4015631095
224,224,0,4015631096
225,225,0,4015631097
226,226,0,4015631098
227,227,0,4015631099
228,228,0,4015631100
229,229,0,4015631101
230,230,0,4015631102
231,231,0,4015631103
232,232,0,4015631104
233,233,0,4015631105
234,234,0,4015631106
235,235,0,4015631107
236,236,0,4015631108
237,237,0,4015631109
238,238,0,4015631110
239,239,0,4015631111
240,240,0,4015631112
241,241,0,4015631113
242,242,0,4015631114
243,243,0,4015631115
244,244,0,4015631116
245,245,0,4015631117
246,246,0,4015631118
247,247,0,4015631119
248,248,0,4015631120
249,249,0,4015631121
250,250,0,4015631122
251,251,0,4015631123
252,252,0,4015631124
253,253,0,4015631125
254,254,0,4015631126
255,255,0,4015631127
256,256,0,4015631128
257,257,0,4015631129
258,258,0,4015631130
259,259,0,4015631131
260,260,0,4015631132
261,261,0,4015631133
262,262,0,4015631134
263,263,0,4015631135
264,264,0,4015631136
265,265,0,4015631137
266,266,0,4015631138
267,267,0,4015631139
268,268,0,4015631140
269,269,0,4015631141
270,270,0,4015631142
271,271,0,4015631143
272,272,0,4015631144
273,273,0,4015631145
274,274,0,4015631146
275,275,0,4015631147
276,276,0,4015631148
277,277,0,4015631149
278,278,0,4015631150
279,279,0,4015631151
280,280,0,4015631152
281,281,0,4015631153
282,282,0,4015631154
283,283,0,4015631155
284,284,0,4015631156
285,285,0,4015631157
286,286,0,4015631158
287,287,0,4015631159
288,288,0,4015631160
289,289,0,4015631161
290,290,0,4015631162
291,291,0,4015631163
292,292,0,4015631164
293,293,0,4015631165
294,294,0,4015631166
295,295,0,4015631167
296,296,0,4015631168
297,297,0,4015631169
298,298,0,4015631170
299,299,0,4015631171
300,300,0,4015631172
301,301,0,4015631173
302,302,0,4015631174
303,303,0,4015631175
304,304,0,4015631176
305,305,0,4015631177
306,306,0,4015631178
307,307,0,4015631179
308,308,0,4015631180
309,309,0,4015631181
310,310,0,4015631182
311,311,0,4015631183
312,312,0,4015631184
313,313,0,4015631185
314,314,0,4015631186
315,315,0,4015631187
316,316,0,4015631188
317,317,0,4015631189
318,318,0,4015631190
319,319,0,4015631191
320,320,0,4015631192
321,321,0,4015631193
322,322,0,4015631194
323,323,0,4015631195
324,324,0,4015631196
325,325,0,4015631197
326,326,0,4015631198
327,327,0,4015631199
328,328,0,4015631200
329,329,0,4015631201
330,330,0,4015631202
331,331,0,4015631203
332,332,0,4015631204
333,333,0,4015631205
334,334,0,4015631206
335,335,0,4015631207
336,336,0,4015631208
337,337,0,4015631209
338,338,0,4015631210
339,339,0,4015631211
340,340,0,4015631212
341,341,0,4015631213
342,342,0,4015631214
343,343,0,4015631215
344,344,0,4015631216
345,345,0,4015631217
346,346,0,4015631218
347,347,0,4015631219
348,348,0,4015631220
349,349,0,4015631221
350,350,0,4015631222
351,351,0,4015631223
352,352,0,4015631224
353,353,0,4015631225
354,354,0,4015631226
355,355,0,4015631227
356,356,0,4015631228
357,357,0,4015631229
358,358,0,4015631230
359,359,0,4015631231
360,360,0,4015631232
361,361,0,4015631233
362,362,0,4015631234
363,363,0,4015631235
364,364,0,4015631236
365,365,0,4015631237
366,366,0,4015631238
367,367,0,4015631239
368,368,0,4015631240
369,369,0,4015631241
370,370,0,4015631242
371,371,0,4015631243
372,372,0,4015631244
373,373,0,4015631245
374,374,0,4015631246
375,375,0,4015631247
376,376,0,4015631248
377,377,0,4015631249
378,378,0,4015631250
379,379,0,4015631251
380,380,0,4015631252
381,381,0,4015631253
382,382,0,4015631254
383,383,0,4015631255
384,384,0,4015631256
385,385,0,4015631257
386,386,0,4015631258
387,387,0,4015631259
388,388,0,4015631260
389,389,0,4015631261
390,390,0,4015631262
391,391,0,4015631263
392,392,0,4015631264
393,393,0,4015631265
394,394,0,4015631266
395,395,0,4015631267
396,396,0,4015631268
397,397,0,4015631269
398,398,0,4015631270
399,399,0,4015631271
400,400,0,4015631272
401,401,0,4015631273
402,402,0,4015631274
403,403,0,4015631275
404,404,0,4015631276
405,405,0,4015631277
406,406,0,4015631278
407,407,0,4015631279
408,408,0,4015631280
409,409,0,4015631281
410,410,0,4015631282
411,411,0,4015631283
412,412,0,4015631284
413,413,0,4015631285
414,414,0,4015631286
415,415,0,4015631287
416,416,0,4015631288
417,417,0,4015631289
418,418,0,4015631290
419,419,0,4015631291
420,420,0,4015631292
421,421,0,4015631293
422,422,0,4015631294
423,423,0,4015631295
424,424,0,4015631296
425,425,0,4015631297
426,426,0,4015631298
427,427,0,4015631299
428,428,0,4015631300
429,429,0,4015631301
430,430,0,4015631302
431,431,0,4015631303
432,432,0,4015631304
433,433,0,4015631305
434,434,0,4015631306
435,435,0,4015631307
436,436,0,4015631308
437,437,0,4015631309
438,438,0,4015631310
439,439,0,4015631311
440,440,0,4015631312
441,441,0,4015631313
442,442,0,4015631314
443,443,0,4015631315
444,444,0,4015631316
445,445,0,4015631317
446,446,0,4015631318
447,447,0,4015631319
448,448,0,4015631320
449,449,0,4015631321
450,450,0,4015631322
451,451,0,4015631323
452,452,0,4015631324
453,453,0,4015631325
454,454,0,4015631326
455,455,0,4015631327
456,456,0,4015631328
457,457,0,4015631329
458,458,0,4015631330
459,459,0,4015631331
460,460,0,4015631332
461,461,0,4015631333
462,462,0,4015631334
463,463,0,4015631335
464,464,0,4015631336
465,465,0,4015631337
466,466,0,4015631338
467,467,0,4015631339
468,468,0,4015631340
469,469,0,4015631341
470,470,0,4015631342
471,471,0,4015631343
472,472,0,4015631344
473,473,0,4015631345
474,474,0,4015631346
475,475,0,4015631347
476,476,0,4015631348
477,477,0,4015631349
478,478,0,4015631350
479,479,0,4015631351
480,480,0,4015631352
481,481,0,4015631353
482,482,0,4015631354
483,483,0,4015631355
484,484,0,4015631356
485,485,0,4015631357
486,486,0,4015631358
487,487,0,4015631359
488,488,0,4015631360
489,489,0,4015631361
490,490,0,4015631362
491,491,0,4015631363
492,492,0,4015631364
493,493,0,4015631365
494,494,0,4015631366
495,495,0,4015631367
496,496,0,4015631368
497,497,0,4015631369
498,498,0,4015631370
499,499,0,4015631371
500,500,0,4015631372
501,501,0,4015631373
502,502,0,4015631374
503,503,0,4015631375
504,504,0,4015631376
505,505,0,4015631377
506,506,0,4015631378
507,507,0,4015631379
508,508,0,4015631380
509,509,0,4015631381
510,510,0,4015631382
511,511,0,4015631383
512,512,0,4015631384
513,513,0,4015631385
514,514,0,4015631386
515,515,0,4015631387
516,516,0,4015631388
517,517,0,4015631389
518,518,0,4015631390
519,519,0,4015631391
520,520,0,4015631392
521,521,0,4015631393
522,522,0,4015631394
523,523,0,4015631395
524,524,0,4015631396
525,525,0,4015631397
526,526,0,4015631398
527,527,0,4015631399
528,528,0,4015631400
529,529,0,4015631401
530,530,0,4015631402
531,531,0,4015631403
532,532,0,4015631404
533,533,0,4015631405
534,534,0,4015631406
535,535,0,4015631407
536,536,0,4015631408
537,537,0,4015631409
538,538,0,4015631410
539,539,0,4015631411
540,540,0,4015631412
541,541,0,4015631413
542,542,0,4015631414
543,543,0,4015631415
544,544,0,4015631416
545,545,0,4015631417
546,546,0,4015631418
547,547,0,4015631419
548,548,0,4015631420
549,549,0,4015631421
550,550,0,4015631422
551,551,0,4015631423
552,552,0,4015631424
553,553,0,4015631425
554,554,0,4015631426
555,555,0,4015631427
556,556,0,4015631428
557,557,0,4015631429
558,558,0,4015631430
559,559,0,4015631431
560,560,0,4015631432
561,561,0,4015631433
562,562,0,4015631434
563,563,0,4015631435
564,564,0,4015631436
565,565,0,4015631437
566,566,0,4015631438
567,567,0,4015631439
568,568,0,4015631440
569,569,0,4015631441
570,570,0,4015631442
571,571,0,4015631443
572,572,0,4015631444
573,573,0,4015631445
574,574,0,4015631446
575,575,0,4015631447
576,576,0,4015631448
577,577,0,4015631449
578,578,0,4015631450
579,579,0,4015631451
580,580,0,4015631452
581,581,0,4015631453
582,582,0,4015631454
583,583,0,4015631455
584,584,0,4015631456
585,585,0,4015631457
586,586,0,4015631458
587,587,0,4015631459
588,588,0,4015631460
589,589,0,4015631461
590,590,0,4015631462
591,591,0,4015631463
592,592,0,4015631464
593,593,0,4015631465
594,594,0,4015631466
595,595,0,4015631467
596,596,0,4015631468
597,597,0,4015631469
598,598,0,4015631470
599,599,0,4015631471
600,600,0,4015631472
601,601,0,4015631473
602,602,0,4015631474
603,603,0,4015631475
604,604,0,4015631476
605,605,0,4015631477
606,606,0,4015631478
607,607,0,4015631479
608,608,0,4015631480
609,609,0,4015631481
610,610,0,4015631482
611,611,0,4015631483
612,612,0,4015631484
613,613,0,4015631485
614,614,0,4015631486
615,615,0,4015631487
616,616,0,4015631488
617,617,0,4015631489
618,618,0,4015631490
619,619,0,4015631491
620,620,0,4015631492
621,621,0,4015631493
622,622,0,4015631494
623,623,0,4015631495
624,624,0,4015631496
625,625,0,4015631497
626,626,0,4015631498
627,627,0,4015631499
628,628,0,4015631500
629,629,0,4015631501
630,630,0,4015631502
631,631,0,4015631503
632,632,0,4015631504
633,633,0,4015631505
634,634,0,4015631506
635,635,0,4015631507
636,636,0,4015631508
637,637,0,4015631509
638,638,0,4015631510
639,639,0,4015631511
640,640,0,4015631512
641,641,0,4015631513
642,642,0,4015631514
643,643,0,4015631515
644,644,0,4015631516
645,645,0,4015631517
646,646,0,4015631518
647,647,0,4015631519
648,648,0,4015631520
649,649,0,4015631521
650,650,0,4015631522
651,651,0,4015631523
652,652,0,4015631524
653,653,0,4015631525
654,654,0,4015631526
655,655,0,4015631527
656,656,0,4015631528
657,657,0,4015631529
658,658,0,4015631530
659,659,0,4015631531
660,660,0,4015631532
661,661,0,4015631533
662,662,0,4015631534
663,663,0,4015631535
664,664,0,4015631536
665,665,0,4015631537
666,666,0,4015631538
667,667,0,4015631539
668,668,0,4015631540
669,669,0,4015631541
670,670,0,4015631542
671,671,0,4015631543
672,672,0,4015631544
673,673,0,4015631545
674,674,0,4015631546
675,675,0,4015631547
676,676,0,4015631548
677,677,0,4015631549
678,678,0,4015631550
679,679,0,4015631551
680,680,0,4015631552
681,681,0,4015631553
682,682,0,4015631554
683,683,0,4015631555
684,684,0,4015631556
685,685,0,4015631557
686,686,0,4015631558
687,687,0,4015631559
688,688,0,4015631560
689,689,0,4015631561
690,690,0,4015631562
691,691,0,4015631563
692,692,0,4015631564
693,693,0,4015631565
694,694,0,4015631566
695,695,0,4015631567
696,696,0,4015631568
697,697,0,4015631569
698,698,0,4015631570
699,699,0,4015631571
700,700,0,4015631572
701,701,0,4015631573
702,702,0,4015631574
703,703,0,4015631575
704,704,0,4015631576
705,705,0,4015631577
706,706,0,4015631578
707,707,0,4015631579
708,708,0,4015631580
709,709,0,4015631581
710,710,0,4015631582
711,711,0,4015631583
712,712,0,4015631584
713,713,0,4015631585
714,714,0,4015631586
715,715,0,4015631587
716,716,0,4015631588
717,717,0,4015631589
718,718,0,4015631590
719,719,0,4015631591
720,720,0,4015631592
721,721,0,4015631593
722,722,0,4015631594
723,723,0,4015631595
724,724,0,4015631596
725,725,0,4015631597
726,726,0,4015631598
727,727,0,4015631599
728,728,0,4015631600
729,729,0,4015631601
730,730,0,4015631602
731,731,0,4015631603
732,732,0,4015631604
733,733,0,4015631605
734,734,0,4015631606
735,735,0,4015631607
736,736,0,4015631608
737,737,0,4015631609
738,738,0,4015631610
739,739,0,4015631611
740,740,0,4015631612
741,741,0,4015631613
742,742,0,4015631614
743,743,0,4015631615
744,744,0,4015631616
745,745,0,4015631617
746,746,0,4015631618
747,747,0,4015631619
748,748,0,4015631620
749,749,0,4015631621
750,750,0,4015631622
751,751,0,4015631623
752,752,0,4015631624
753,753,0,4015631625
754,754,0,4015631626
755,755,0,4015631627
756,756,0,4015631628
757,757,0,4015631629
758,758,0,4015631630
759,759,0,4015631631
760,760,0,4015631632
761,761,0,4015631633
762,762,0,4015631634
763,763,0,4015631635
764,764,0,4015631636
765,765,0,4015631637
766,766,0,4015631638
767,767,0,4015631639
768,768,0,4015631640
769,769,0,4015631641
770,770,0,4015631642
771,771,0,4015631643
772,772,0,4015631644
773,773,0,4015631645
774,774,0,4015631646
775,775,0,4015631647
776,776,0,4015631648
777,777,0,4015631649
778,778,0,4015631650
779,779,0,4015631651
780,780,0,4015631652
781,781,0,4015631653
782,782,0,4015631654
783,783,0,4015631655
784,784,0,4015631656
785,785,0,4015631657
786,786,0,4015631658
787,787,0,4015631659
788,788,0,4015631660
789,789,0,4015631661
790,790,0,4015631662
791,791,0,4015631663
792,792,0,4015631664
793,793,0,4015631665
794,794,0,4015631666
795,795,0,4015631667
796,796,0,4015631668
797,797,0,4015631669
798,798,0,4015631670
799,799,0,4015631671
800,800,0,4015631672
801,801,0,4015631673
802,802,0,4015631674
803,803,0,4015631675
804,804,0,4015631676
805,805,0,4015631677
806,806,0,4015631678
807,807,0,4015631679
808,808,0,4015631680
809,809,0,4015631681
810,810,0,4015631682
811,811,0,4015631683
812,812,0,4015631684
813,813,0,4015631685
814,814,0,4015631686
815,815,0,4015631687
816,816,0,4015631688
817,817,0,4015631689
818,818,0,4015631690
819,819,0,4015631691
820,820,0,4015631692
821,821,0,4015631693
822,822,0,4015631694
823,823,0,4015631695
824,824,0,4015631696
825,825,0,4015631697
826,826,0,4015631698
827,827,0,4015631699
828,828,0,4015631700
829,829,0,4015631701
830,830,0,4015631702
831,831,0,4015631703
832,832,0,4015631704
833,833,0,4015631705
834,834,0,4015631706
835,835,0,4015631707
836,836,0,4015631708
837,837,0,4015631709
838,838,0,4015631710
839,839,0,4015631711
840,840,0,4015631712
841,841,0,4015631713
842,842,0,4015631714
843,843,0,4015631715
844,844,0,4015631716
845,845,0,4015631717
846,846,0,4015631718
847,847,0,4015631719
848,848,0,4015631720
849,849,0,4015631721
850,850,0,4015631722
851,851,0,4015631723
852,852,0,4015631724
853,853,0,4015631725
854,854,0,4015631726
855,855,0,4015631727
856,856,0,4015631728
857,857,0,4015631729
858,858,0,4015631730
859,859,0,4015631731
860,860,0,4015631732
861,861,0,4015631733
862,862,0,4015631734
863,863,0,4015631735
864,864,0,4015631736
865,865,0,4015631737
866,866,0,4015631738
867,867,0,4015631739
868,868,0,4015631740
869,869,0,4015631741
870,870,0,4015631742
871,871,0,4015631743
872,872,0,4015631744
873,873,0,4015631745
874,874,0,4015631746
875,875,0,4015631747
876,876,0,4015631748
877,877,0,4015631749
878,878,0,4015631750
879,879,0,4015631751
880,880,0,4015631752
881,881,0,4015631753
882,882,0,4015631754
883,883,0,4015631755
884,884,0,4015631756
885,885,0,4015631757
886,886,0,4015631758
887,887,0,4015631759
888,888,0,4015631760
889,889,0,4015631761
890,890,0,4015631762
891,891,0,4015631763
892,892,0,4015631764
893,893,0,4015631765
894,894,0,4015631766
895,895,0,4015631767
896,896,0,4015631768
897,897,0,4015631769
898,898,0,4015631770
899,899,0,4015631771
900,900,0,4015631772
901,901,0,4015631773
902,902,0,4015631774
903,903,0,4015631775
904,904,0,4015631776
905,905,0,4015631777
906,906,0,4015631778
907,907,0,4015631779
908,908,0,4015631780
909,909,0,4015631781
910,910,0,4015631782
911,911,0,4015631783
912,912,0,4015631784
913,913,0,4015631785
914,914,0,4015631786
915,915,0,4015631787
916,916,0,4015631788
917,917,0,4015631789
918,918,0,4015631790
919,919,0,4015631791
920,920,0,4015631792
921,921,0,4015631793
922,922,0,4015631794
923,923,0,4015631795
924,924,0,4015631796
925,925,0,4015631797
926,926,0,4015631798
927,927,0,4015631799
928,928,0,4015631800
929,929,0,4015631801
930,930,0,4015631802
931,931,0,4015631803
932,932,0,4015631804
933,933,0,4015631805
934,934,0,4015631806
935,935,0,4015631807
936,936,0,4015631808
937,937,0,4015631809
938,938,0,4015631810
939,939,0,4015631811
940,940,0,4015631812
941,941,0,4015631813
942,942,0,4015631814
943,943,0,4015631815
944,944,0,4015631816
945,945,0,4015631817
946,946,0,4015631818
947,947,0,4015631819
948,948,0,4015631820
949,949,0,4015631821
950,950,0,4015631822
951,951,0,4015631823
952,952,0,4015631824
953,953,0,4015631825
954,954,0,4015631826
955,955,0,4015631827
956,956,0,4015631828
957,957,0,4015631829
958,958,0,4015631830
959,959,0,4015631831
960,960,0,4015631832
961,961,0,4015631833
962,962,0,4015631834
963,963,0,4015631835
964,964,0,4015631836
965,965,0,4015631837
966,966,0,4015631838
967,967,0,4015631839
968,968,0,4015631840
969,969,0,4015631841
970,970,0,4015631842
971,971,0,4015631843
972,972,0,4015631844
973,973,0,4015631845
974,974,0,4015631846
975,975,0,4015631847
976,976,0,4015631848
977,977,0,4015631849
978,978,0,4015631850
979,979,0,4015631851
980,980,0,4015631852
981,981,0,4015631853
982,982,0,4015631854
983,983,0,4015631855
984,984,0,4015631856
985,985,0,4015631857
986,986,0,4015631858
987,987,0,4015631859
988,988,0,4015631860
989,989,0,4015631861
990,990,0,4015631862
991,991,0,4015631863
992,992,0,4015631864
993,993,0,4015631865
994,994,0,4015631866
995,995,0,4015631867
996,996,0,4015631868
997,997,0,4015631869
998,998,0,4015631870
999,999,0,4015631871
1000,1000,0,4015631872
1001,1001,0,4015631873
1002,1002,0,4015631874
1003,1003,0,4015631875
1004,1004,0,4015631876
1005,1005,0,4015631877
1006,1006,0,4015631878
1007,1007,0,4015631879
1008,1008,0,4015631880
1009,1009,0,4015631881
1010,1010,0,4015631882
1011,1011,0,4015631883
1012,1012,0,4015631884
1013,1013,0,4015631885
1014,1014,0,4015631886
1015,1015,0,4015631887
1016,1016,0,4015631888
1017,1017,0,4015631889
1018,1018,0,4015631890
1019,1019,0,4015631891
1020,1020,0,4015631892
1021,1021,0,4015631893
1022,1022,0,4015631894
1023,1023,0,4015631895
1024,1024,0,4015631896
1025,1025,0,4015631897
1026,1026,0,4015631898
1027,1027,0,4015631899
1028,1028,0,4015631900
1029,1029,0,4015631901
1030,1030,0,4015631902
1031,1031,0,4015631903
1032,1032,0,4015631904
1033,1033,0,4015631905
1034,1034,0,4015631906
1035,1035,0,4015631907
1036,1036,0,4015631908
1037,1037,0,4015631909
1038,1038,0,4015631910
1039,1039,0,4015631911
1040,1040,0,4015631912
1041,1041,0,4015631913
1042,1042,0,4015631914
1043,1043,0,4015631915
1044,1044,0,4015631916
1045,1045,0,4015631917
1046,1046,0,4015631918
1047,1047,0,4015631919
1048,1048,0,4015631920
1049,1049,0,4015631921
1050,1050,0,4015631922
1051,1051,0,4015631923
1052,1052,0,4015631924
1053,1053,0,4015631925
1054,1054,0,4015631926
1055,1055,0,4015631927
1056,1056,0,4015631928
1057,1057,0,4015631929
1058,1058,0,4015631930
1059,1059,0,4015631931
1060,1060,0,4015631932
1061,1061,0,4015631933
1062,1062,0,4015631934
1063,1063,0,4015631935
1064,1064,0,4015631936
1065,1065,0,4015631937
1066,1066,0,4015631938
1067,1067,0,4015631939
1068,1068,0,4015631940
1069,1069,0,4015631941
1070,1070,0,4015631942
1071,1071,0,4015631943
1072,1072,0,4015631944
1073,1073,0,4015631945
1074,1074,0,4015631946
1075,1075,0,4015631947
1076,1076,0,4015631948
1077,1077,0,4015631949
1078,1078,0,4015631950
1079,1079,0,4015631951
1080,1080,0,4015631952
1081,1081,0,4015631953
1082,1082,0,4015631954
1083,1083,0,4015631955
1084,1084,0,4015631956
1085,1085,0,4015631957
1086,1086,0,4015631958
1087,1087,0,4015631959
1088,1088,0,4015631960
1089,1089,0,4015631961
1090,1090,0,4015631962
1091,1091,0,4015631963
1092,1092,0,4015631964
1093,1093,0,4015631965
1094,1094,0,4015631966
1095,1095,0,4015631967
1096,1096,0,4015631968
1097,1097,0,4015631969
1098,1098,0,4015631970
1099,1099,0,4015631971
1100,1100,0,4015631972
1101,1101,0,4015631973
1102,1102,0,4015631974
1103,1103,0,4015631975
1104,1104,0,4015631976
1105,1105,0,4015631977
1106,1106,0,4015631978
1107,1107,0,4015631979
1108,1108,0,4015631980
1109,1109,0,4015631981
1110,1110,0,4015631982
1111,1111,0,4015631983
1112,1112,0,4015631984
1113,1113,0,4015631985
1114,1114,0,4015631986
1115,1115,0,4015631987
1116,1116,0,4015631988
1117,1117,0,4015631989
1118,1118,0,4015631990
1119,1119,0,4015631991
1120,1120,0,4015631992
1121,1121,0,4015631993
1122,1122,0,4015631994
1123,1123,0,4015631995
1124,1124,0,4015631996
1125,1125,0,4015631997
1126,1126,0,4015631998
1127,1127,0,4015631999
1128,1128,0,4015632000
1129,1129,0,4015632001
1130,1130,0,4015632002
1131,1131,0,4015632003
1132,1132,0,4015632004
1133,1133,0,4015632005
1134,1134,0,4015632006
1135,1135,0,4015632007
1136,1136,0,4015632008
1137,1137,0,4015632009
1138,1138,0,4015632010
1139,1139,0,4015632011
1140,1140,0,4015632012
1141,1141,0,4015632013
1142,1142,0,4015632014
1143,1143,0,4015632015
1144,1144,0,4015632016
1145,1145,0,4015632017
1146,1146,0,4015632018
1147,1147,0,4015632019
1148,1148,0,4015632020
1149,1149,0,4015632021
1150,1150,0,4015632022
1151,1151,0,4015632023
1152,1152,0,4015632024
1153,1153,0,4015632025
1154,1154,0,4015632026
1155,1155,0,4015632027
1156,1156,0,4015632028
1157,1157,0,4015632029
1158,1158,0,4015632030
1159,1159,0,4015632031
1160,1160,0,4015632032
1161,1161,0,4015632033
1162,1162,0,4015632034
1163,1163,0,4015632035
1164,1164,0,4015632036
1165,1165,0,4015632037
1166,1166,0,4015632038
1167,1167,0,4015632039
1168,1168,0,4015632040
1169,1169,0,4015632041
1170,1170,0,4015632042
1171,1171,0,4015632043
1172,1172,0,4015632044
1173,1173,0,4015632045
1174,1174,0,4015632046
1175,1175,0,4015632047
1176,1176,0,4015632048
1177,1177,0,4015632049
1178,1178,0,4015632050
1179,1179,0,4015632051
1180,1180,0,4015632052
1181,1181,0,4015632053
1182,1182,0,4015632054
1183,1183,0,4015632055
1184,1184,0,4015632056
1185,1185,0,4015632057
1186,1186,0,4015632058
1187,1187,0,4015632059
1188,1188,0,4015632060
1189,1189,0,4015632061
1190,1190,0,4015632062
1191,1191,0,4015632063
1192,1192,0,4015632064
1193,1193,0,4015632065
1194,1194,0,4015632066
1195,1195,0,4015632067
1196,1196,0,4015632068
1197,1197,0,4015632069
1198,1198,0,4015632070
1199,1199,0,4015632071
1200,1200,0,4015632072
1201,1201,0,4015632073
1202,1202,0,4015632074
1203,1203,0,4015632075
1204,1204,0,4015632076
1205,1205,0,4015632077
1206,1206,0,4015632078
1207,1207,0,4015632079
1208,1208,0,4015632080
1209,1209,0,4015632081
1210,1210,0,4015632082
1211,1211,0,4015632083
1212,1212,0,4015632084
1213,1213,0,4015632085
1214,1214,0,4015632086
1215,1215,0,4015632087
1216,1216,0,4015632088
1217,1217,0,4015632089
1218,1218,0,4015632090
1219,1219,0,4015632091
1220,1220,0,4015632092
1221,1221,0,4015632093
1222,1222,0,4015632094
1223,1223,0,4015632095
1224,1224,0,4015632096
1225,1225,0,4015632097
1226,1226,0,4015632098
1227,1227,0,4015632099
1228,1228,0,4015632100
1229,1229,0,4015632101
1230,1230,0,4015632102
1231,1231,0,4015632103
1232,1232,0,4015632104
1233,1233,0,4015632105
1234,1234,0,4015632106
1235,1235,0,4015632107
1236,1236,0,4015632108
1237,1237,0,4015632109
1238,1238,0,4015632110
1239,1239,0,4015632111
1240,1240,0,4015632112
1241,1241,0,4015632113
1242,1242,0,4015632114
1243,1243,0,4015632115
1244,1244,0,4015632116
1245,1245,0,4015632117
1246,1246,0,4015632118
1247,1247,0,4015632119
1248,1248,0,4015632120
1249,1249,0,4015632121
1250,1250,0,4015632122
1251,1251,0,4015632123
1252,1252,0,4015632124
1253,1253,0,4015632125
1254,1254,0,4015632126
1255,1255,0,4015632127
1256,1256,0,4015632128
1257,1257,0,4015632129
1258,1258,0,4015632130
1259,1259,0,4015632131
1260,1260,0,4015632132
1261,1261,0,4015632133
1262,1262,0,4015632134
1263,1263,0,4015632135
1264,1264,0,4015632136
1265,1265,0,4015632137
1266,1266,0,4015632138
1267,1267,0,4015632139
1268,1268,0,4015632140
1269,1269,0,4015632141
1270,1270,0,4015632142
1271,1271,0,4015632143
1272,1272,0,4015632144
1273,1273,0,4015632145
1274,1274,0,4015632146
1275,1275,0,4015632147
1276,1276,0,4015632148
1277,1277,0,4015632149
1278,1278,0,4015632150
1279,1279,0,4015632151
1280,1280,0,4015632152
1281,1281,0,4015632153
1282,1282,0,4015632154
1283,1283,0,4015632155
1284,1284,0,4015632156
1285,1285,0,4015632157
1286,1286,0,4015632158
1287,1287,0,4015632159
1288,1288,0,4015632160
1289,1289,0,4015632161
1290,1290,0,4015632162
1291,1291,0,4015632163
1292,1292,0,4015632164
1293,1293,0,4015632165
1294,1294,0,4015632166
1295,1295,0,4015632167
1296,1296,0,4015632168
1297,1297,0,4015632169
1298,1298,0,4015632170
1299,1299,0,4015632171
1300,1300,0,4015632172
1301,1301,0,4015632173
1302,1302,0,4015632174
1303,1303,0,4015632175
1304,1304,0,4015632176
1305,1305,0,4015632177
1306,1306,0,4015632178
1307,1307,0,4015632179
1308,1308,0,4015632180
1309,1309,0,4015632181
1310,1310,0,4015632182
1311,1311,0,4015632183
1312,1312,0,4015632184
1313,1313,0,4015632185
1314,1314,0,4015632186
1315,1315,0,4015632187
1316,1316,0,4015632188
1317,1317,0,4015632189
1318,1318,0,4015632190
1319,1319,0,4015632191
1320,1320,0,4015632192
1321,1321,0,4015632193
1322,1322,0,4015632194
1323,1323,0,4015632195
1324,1324,0,4015632196
1325,1325,0,4015632197
1326,1326,0,4015632198
1327,1327,0,4015632199
1328,1328,0,4015632200
1329,1329,0,4015632201
1330,1330,0,4015632202
1331,1331,0,4015632203
1332,1332,0,4015632204
1333,1333,0,4015632205
1334,1334,0,4015632206
1335,1335,0,4015632207
1336,1336,0,4015632208
1337,1337,0,4015632209
1338,1338,0,4015632210
1339,1339,0,4015632211
1340,1340,0,4015632212
1341,1341,0,4015632213
1342,1342,0,4015632214
1343,1343,0,4015632215
1344,1344,0,4015632216
1345,1345,0,4015632217
1346,1346,0,4015632218
1347,1347,0,4015632219
1348,1348,0,4015632220
1349,1349,0,4015632221
1350,1350,0,4015632222
1351,1351,0,4015632223
1352,1352,0,4015632224
1353,1353,0,4015632225
1354,1354,0,4015632226
1355,1355,0,4015632227
1356,1356,0,4015632228
1357,1357,0,4015632229
1358,1358,0,4015632230
1359,1359,0,4015632231
1360,1360,0,4015632232
1361,1361,0,4015632233
1362,1362,0,4015632234
1363,1363,0,4015632235
1364,1364,0,4015632236
1365,1365,0,4015632237
1366,1366,0,4015632238
1367,1367,0,4015632239
1368,1368,0,4015632240
1369,1369,0,4015632241
1370,1370,0,4015632242
1371,1371,0,4015632243
1372,1372,0,4015632244
1373,1373,0,4015632245
1374,1374,0,4015632246
1375,1375,0,4015632247
1376,1376,0,4015632248
1377,1377,0,4015632249
1378,1378,0,4015632250
1379,1379,0,4015632251
1380,1380,0,4015632252
1381,1381,0,4015632253
1382,1382,0,4015632254
1383,1383,0,4015632255
1384,1384,0,4015632256
1385,1385,0,4015632257
1386,1386,0,4015632258
1387,1387,0,4015632259
1388,1388,0,4015632260
1389,1389,0,4015632261
1390,1390,0,4015632262
1391,1391,0,4015632263
1392,1392,0,4015632264
1393,1393,0,4015632265
1394,1394,0,4015632266
1395,1395,0,4015632267
1396,1396,0,4015632268
1397,1397,0,4015632269
1398,1398,0,4015632270
1399,1399,0,4015632271
1400,1400,0,4015632272
1401,1401,0,4015632273
1402,1402,0,4015632274
1403,1403,0,4015632275
1404,1404,0,4015632276
1405,1405,0,4015632277
1406,1406,0,4015632278
1407,1407,0,4015632279
1408,1408,0,4015632280
1409,1409,0,4015632281
1410,1410,0,4015632282
1411,1411,0,4015632283
1412,1412,0,4015632284
1413,1413,0,4015632285
1414,1414,0,4015632286
1415,1415,0,4015632287
1416,1416,0,4015632288
1417,1417,0,4015632289
1418,1418,0,4015632290
1419,1419,0,4015632291
1420,1420,0,4015632292
1421,1421,0,4015632293
1422,1422,0,4015632294
1423,1423,0,4015632295
1424,1424,0,4015632296
1425,1425,0,4015632297
1426,1426,0,4015632298
1427,1427,0,4015632299
1428,1428,0,4015632300
1429,1429,0,4015632301
1430,1430,0,4015632302
1431,1431,0,4015632303
1432,1432,0,4015632304
1433,1433,0,4015632305
1434,1434,0,4015632306
1435,1435,0,4015632307
1436,1436,0,4015632308
1437,1437,0,4015632309
1438,1438,0,4015632310
1439,1439,0,4015632311
1440,1440,0,4015632312
1441,1441,0,4015632313
1442,1442,0,4015632314
1443,1443,0,4015632315
1444,1444,0,4015632316
1445,1445,0,4015632317
1446,1446,0,4015632318
1447,1447,0,4015632319
1448,1448,0,4015632320
1449,1449,0,4015632321
1450,1450,0,4015632322
1451,1451,0,4015632323
1452,1452,0,4015632324
1453,1453,0,4015632325
1454,1454,0,4015632326
1455,1455,0,4015632327
1456,1456,0,4015632328
1457,1457,0,4015632329
1458,1458,0,4015632330
1459,1459,0,4015632331
1460,1460,0,4015632332
1461,1461,0,4015632333
1462,1462,0,4015632334
1463,1463,0,4015632335
1464,1464,0,4015632336
1465,1465,0,4015632337
1466,1466,0,4015632338
1467,1467,0,4015632339
1468,1468,0,4015632340
1469,1469,0,4015632341
1470,1470,0,4015632342
1471,1471,0,4015632343
1472,1472,0,4015632344
1473,1473,0,4015632345
1474,1474,0,4015632346
1475,1475,0,4015632347
1476,1476,0,4015632348
1477,1477,0,4015632349
1478,1478,0,4015632350
1479,1479,0,4015632351
1480,1480,0,4015632352
1481,1481,0,4015632353
1482,1482,0,4015632354
1483,1483,0,4015632355
1484,1484,0,4015632356
1485,1485,0,4015632357
1486,1486,0,4015632358
1487,1487,0,4015632359
1488,1488,0,4015632360
1489,1489,0,4015632361
1490,1490,0,4015632362
1491,1491,0,4015632363
1492,1492,0,4015632364
1493,1493,0,4015632365
1494,1494,0,4015632366
1495,1495,0,4015632367
1496,1496,0,4015632368
1497,1497,0,4015632369
1498,1498,0,4015632370
1499,1499,0,4015632371
1500,1500,0,4015632372
1501,1501,0,4015632373
1502,1502,0,4015632374
1503,1503,0,4015632375
1504,1504,0,4015632376
1505,1505,0,4015632377
1506,1506,0,4015632378
1507,1507,0,4015632379
1508,1508,0,4015632380
1509,1509,0,4015632381
1510,1510,0,4015632382
1511,1511,0,4015632383
1512,1512,0,4015632384
1513,1513,0,4015632385
1514,1514,0,4015632386
1515,1515,0,4015632387
1516,1516,0,4015632388
1517,1517,0,4015632389
1518,1518,0,4015632390
1519,1519,0,4015632391
1520,1520,0,4015632392
1521,1521,0,4015632393
1522,1522,0,4015632394
1523,1523,0,4015632395
1524,1524,0,4015632396
1525,1525,0,4015632397
1526,1526,0,4015632398
1527,1527,0,4015632399
1528,1528,0,4015632400
1529,1529,0,4015632401
1530,1530,0,4015632402
1531,1531,0,4015632403
1532,1532,0,4015632404
1533,1533,0,4015632405
1534,1534,0,4015632406
1535,1535,0,4015632407
1536,1536,0,4015632408
1537,1537,0,4015632409
1538,1538,0,4015632410
1539,1539,0,4015632411
1540,1540,0,4015632412
1541,1541,0,4015632413
1542,1542,0,4015632414
1543,1543,0,4015632415
1544,1544,0,4015632416
1545,1545,0,4015632417
1546,1546,0,4015632418
1547,1547,0,4015632419
1548,1548,0,4015632420
1549,1549,0,4015632421
1550,1550,0,4015632422
1551,1551,0,4015632423
1552,1552,0,4015632424
1553,1553,0,4015632425
1554,1554,0,4015632426
1555,1555,0,4015632427
1556,1556,0,4015632428
1557,1557,0,4015632429
1558,1558,0,4015632430
1559,1559,0,4015632431
1560,1560,0,4015632432
1561,1561,0,4015632433
1562,1562,0,4015632434
1563,1563,0,4015632435
1564,1564,0,4015632436
1565,1565,0,4015632437
1566,1566,0,4015632438
1567,1567,0,4015632439
1568,1568,0,4015632440
1569,1569,0,4015632441
1570,1570,0,4015632442
1571,1571,0,4015632443
1572,1572,0,4015632444
1573,1573,0,4015632445
1574,1574,0,4015632446
1575,1575,0,4015632447
1576,1576,0,4015632448
1577,1577,0,4015632449
1578,1578,0,4015632450
1579,1579,0,4015632451
1580,1580,0,4015632452
1581,1581,0,4015632453
1582,1582,0,4015632454
1583,1583,0,4015632455
1584,1584,0,4015632456
1585,1585,0,4015632457
1586,1586,0,4015632458
1587,1587,0,4015632459
1588,1588,0,4015632460
1589,1589,0,4015632461
1590,1590,0,4015632462
1591,1591,0,4015632463
1592,1592,0,4015632464
1593,1593,0,4015632465
1594,1594,0,4015632466
1595,1595,0,4015632467
1596,1596,0,4015632468
1597,1597,0,4015632469
1598,1598,0,4015632470
1599,1599,0,4015632471
1600,1600,0,4015632472
1601,1601,0,4015632473
1602,1602,0,4015632474
1603,1603,0,4015632475
1604,1604,0,4015632476
1605,1605,0,4015632477
1606,1606,0,4015632478
1607,1607,0,4015632479
1608,1608,0,4015632480
1609,1609,0,4015632481
1610,1610,0,4015632482
1611,1611,0,4015632483
1612,1612,0,4015632484
1613,1613,0,4015632485
1614,1614,0,4015632486
1615,1615,0,4015632487
1616,1616,0,4015632488
1617,1617,0,4015632489
1618,1618,0,4015632490
1619,1619,0,4015632491
1620,1620,0,4015632492
1621,1621,0,4015632493
1622,1622,0,4015632494
1623,1623,0,4015632495
1624,1624,0,4015632496
1625,1625,0,4015632497
1626,1626,0,4015632498
1627,1627,0,4015632499
1628,1628,0,4015632500
1629,1629,0,4015632501
1630,1630,0,4015632502
1631,1631,0,4015632503
1632,1632,0,4015632504
1633,1633,0,4015632505
1634,1634,0,4015632506
1635,1635,0,4015632507
1636,1636,0,4015632508
1637,1637,0,4015632509
1638,1638,0,4015632510
1639,1639,0,4015632511
1640,1640,0,4015632512
1641,1641,0,4015632513
1642,1642,0,4015632514
1643,1643,0,4015632515
1644,1644,0,4015632516
1645,1645,0,4015632517
1646,1646,0,4015632518
1647,1647,0,4015632519
1648,1648,0,4015632520
1649,1649,0,4015632521
1650,1650,0,4015632522
1651,1651,0,4015632523
1652,1652,0,4015632524
1653,1653,0,4015632525
1654,1654,0,4015632526
1655,1655,0,4015632527
1656,1656,0,4015632528
1657,1657,0,4015632529
1658,1658,0,4015632530
1659,1659,0,4015632531
1660,1660,0,4015632532
1661,1661,0,4015632533
1662,1662,0,4015632534
1663,1663,0,4015632535
1664,1664,0,4015632536
1665,1665,0,4015632537
1666,1666,0,4015632538
1667,1667,0,4015632539
1668,1668,0,4015632540
1669,1669,0,4015632541
1670,1670,0,4015632542
1671,1671,0,4015632543
1672,1672,0,4015632544
1673,1673,0,4015632545
1674,1674,0,4015632546
1675,1675,0,4015632547
1676,1676,0,4015632548
1677,1677,0,4015632549
1678,1678,0,4015632550
1679,1679,0,4015632551
1680,1680,0,4015632552
1681,1681,0,4015632553
1682,1682,0,4015632554
1683,1683,0,4015632555
1684,1684,0,4015632556
1685,1685,0,4015632557
1686,1686,0,4015632558
1687,1687,0,4015632559
1688,1688,0,4015632560
1689,1689,0,4015632561
1690,1690,0,4015632562
1691,1691,0,4015632563
1692,1692,0,4015632564
1693,1693,0,4015632565
1694,1694,0,4015632566
1695,1695,0,4015632567
1696,1696,0,4015632568
1697,1697,0,4015632569
1698,1698,0,4015632570
1699,1699,0,4015632571
1700,1700,0,4015632572
1701,1701,0,4015632573
1702,1702,0,4015632574
1703,1703,0,4015632575
1704,1704,0,4015632576
1705,1705,0,4015632577
1706,1706,0,4015632578
1707,1707,0,4015632579
1708,1708,0,4015632580
1709,1709,0,4015632581
1710,1710,0,4015632582
1711,1711,0,4015632583
1712,1712,0,4015632584
1713,1713,0,4015632585
1714,1714,0,4015632586
1715,1715,0,4015632587
1716,1716,0,4015632588
1717,1717,0,4015632589
1718,1718,0,4015632590
1719,1719,0,4015632591
1720,1720,0,4015632592
1721,1721,0,4015632593
1722,1722,0,4015632594
1723,1723,0,4015632595
1724,1724,0,4015632596
1725,1725,0,4015632597
1726,1726,0,4015632598
1727,1727,0,4015632599
1728,1728,0,4015632600
1729,1729,0,4015632601
1730,1730,0,4015632602
1731,1731,0,4015632603
1732,1732,0,4015632604
1733,1733,0,4015632605
1734,1734,0,4015632606
1735,1735,0,4015632607
1736,1736,0,4015632608
1737,1737,0,4015632609
1738,1738,0,4015632610
1739,1739,0,4015632611
1740,1740,0,4015632612
1741,1741,0,4015632613
1742,1742,0,4015632614
1743,1743,0,4015632615
1744,1744,0,4015632616
1745,1745,0,4015632617
1746,1746,0,4015632618
1747,1747,0,4015632619
1748,1748,0,4015632620
1749,1749,0,4015632621
1750,1750,0,4015632622
1751,1751,0,4015632623
1752,1752,0,4015632624
1753,1753,0,4015632625
1754,1754,0,4015632626
1755,1755,0,4015632627
1756,1756,0,4015632628
1757,1757,0,4015632629
1758,1758,0,4015632630
1759,1759,0,4015632631
1760,1760,0,4015632632
1761,1761,0,4015632633
1762,1762,0,4015632634
1763,1763,0,4015632635
1764,1764,0,4015632636
1765,1765,0,4015632637
1766,1766,0,4015632638
1767,1767,0,4015632639
1768,1768,0,4015632640
1769,1769,0,4015632641
1770,1770,0,4015632642
1771,1771,0,4015632643
1772,1772,0,4015632644
1773,1773,0,4015632645
1774,1774,0,4015632646
1775,1775,0,4015632647
1776,1776,0,4015632648
1777,1777,0,4015632649
1778,1778,0,4015632650
1779,1779,0,4015632651
1780,1780,0,4015632652
1781,1781,0,4015632653
1782,1782,0,4015632654
1783,1783,0,4015632655
1784,1784,0,4015632656
1785,1785,0,4015632657
1786,1786,0,4015632658
1787,1787,0,4015632659
1788,1788,0,4015632660
1789,1789,0,4015632661
1790,1790,0,4015632662
1791,1791,0,4015632663
1792,1792,0,4015632664
1793,1793,0,4015632665
1794,1794,0,4015632666
1795,1795,0,4015632667
1796,1796,0,4015632668
1797,1797,0,4015632669
1798,1798,0,4015632670
1799,1799,0,4015632671
1800,1800,0,4015632672
1801,1801,0,4015632673
1802,1802,0,4015632674
1803,1803,0,4015632675
1804,1804,0,4015632676
1805,1805,0,4015632677
1806,1806,0,4015632678
1807,1807,0,4015632679
1808,1808,0,4015632680
1809,1809,0,4015632681
1810,1810,0,4015632682
1811,1811,0,4015632683
1812,1812,0,4015632684
1813,1813,0,4015632685
1814,1814,0,4015632686
1815,1815,0,4015632687
1816,1816,0,4015632688
1817,1817,0,4015632689
1818,1818,0,4015632690
1819,1819,0,4015632691
1820,1820,0,4015632692
1821,1821,0,4015632693
1822,1822,0,4015632694
1823,1823,0,4015632695
1824,1824,0,4015632696
1825,1825,0,4015632697
1826,1826,0,4015632698
1827,1827,0,4015632699
1828,1828,0,4015632700
1829,1829,0,4015632701
1830,1830,0,4015632702
1831,1831,0,4015632703
1832,1832,0,4015632704
1833,1833,0,4015632705
1834,1834,0,4015632706
1835,1835,0,4015632707
1836,1836,0,4015632708
1837,1837,0,4015632709
1838,1838,0,4015632710
1839,1839,0,4015632711
1840,1840,0,4015632712
1841,1841,0,4015632713
1842,1842,0,4015632714
1843,1843,0,4015632715
1844,1844,0,4015632716
1845,1845,0,4015632717
1846,1846,0,4015632718
1847,1847,0,4015632719
1848,1848,0,4015632720
1849,1849,0,4015632721
1850,1850,0,4015632722
1851,1851,0,4015632723
1852,1852,0,4015632724
1853,1853,0,4015632725
1854,1854,0,4015632726
1855,1855,0,4015632727
1856,1856,0,4015632728
1857,1857,0,4015632729
1858,1858,0,4015632730
1859,1859,0,4015632731
1860,1860,0,4015632732
1861,1861,0,4015632733
1862,1862,0,4015632734
1863,1863,0,4015632735
1864,1864,0,4015632736
1865,1865,0,4015632737
1866,1866,0,4015632738
1867,1867,0,4015632739
1868,1868,0,4015632740
1869,1869,0,4015632741
1870,1870,0,4015632742
1871,1871,0,4015632743
1872,1872,0,4015632744
1873,1873,0,4015632745
1874,1874,0,4015632746
1875,1875,0,4015632747
1876,1876,0,4015632748
1877,1877,0,4015632749
1878,1878,0,4015632750
1879,1879,0,4015632751
1880,1880,0,4015632752
1881,1881,0,4015632753
1882,1882,0,4015632754
1883,1883,0,4015632755
1884,1884,0,4015632756
1885,1885,0,4015632757
1886,1886,0,4015632758
1887,1887,0,4015632759
1888,1888,0,4015632760
1889,1889,0,4015632761
1890,1890,0,4015632762
1891,1891,0,4015632763
1892,1892,0,4015632764
1893,1893,0,4015632765
1894,1894,0,4015632766
1895,1895,0,4015632767
1896,1896,0,4015632768
1897,1897,0,4015632769
1898,1898,0,4015632770
1899,1899,0,4015632771
1900,1900,0,4015632772
1901,1901,0,4015632773
1902,1902,0,4015632774
1903,1903,0,4015632775
1904,1904,0,4015632776
1905,1905,0,4015632777
1906,1906,0,4015632778
1907,1907,0,4015632779
1908,1908,0,4015632780
1909,1909,0,4015632781
1910,1910,0,4015632782
1911,1911,0,4015632783
1912,1912,0,4015632784
1913,1913,0,4015632785
1914,1914,0,4015632786
1915,1915,0,4015632787
1916,1916,0,4015632788
1917,1917,0,4015632789
1918,1918,0,4015632790
1919,1919,0,4015632791
1920,1920,0,4015632792
1921,1921,0,4015632793
1922,1922,0,4015632794
1923,1923,0,4015632795
1924,1924,0,4015632796
1925,1925,0,4015632797
1926,1926,0,4015632798
1927,1927,0,4015632799
1928,1928,0,4015632800
1929,1929,0,4015632801
1930,1930,0,4015632802
1931,1931,0,4015632803
1932,1932,0,4015632804
1933,1933,0,4015632805
1934,1934,0,4015632806
1935,1935,0,4015632807
1936,1936,0,4015632808
1937,1937,0,4015632809
1938,1938,0,4015632810
1939,1939,0,4015632811
1940,1940,0,4015632812
1941,1941,0,4015632813
1942,1942,0,4015632814
1943,1943,0,4015632815
1944,1944,0,4015632816
1945,1945,0,4015632817
1946,1946,0,4015632818
1947,1947,0,4015632819
1948,1948,0,4015632820
1949,1949,0,4015632821
1950,1950,0,4015632822
1951,1951,0,4015632823
1952,1952,0,4015632824
1953,1953,0,4015632825
1954,1954,0,4015632826
1955,1955,0,4015632827
1956,1956,0,4015632828
1957,1957,0,4015632829
1958,1958,0,4015632830
1959,1959,0,4015632831
1960,1960,0,4015632832
1961,1961,0,4015632833
1962,1962,0,4015632834
1963,1963,0,4015632835
1964,1964,0,4015632836
1965,1965,0,4015632837
1966,1966,0,4015632838
1967,1967,0,4015632839
1968,1968,0,4015632840
1969,1969,0,4015632841
1970,1970,0,4015632842
1971,1971,0,4015632843
1972,1972,0,4015632844
1973,1973,0,4015632845
1974,1974,0,4015632846
1975,1975,0,4015632847
1976,1976,0,4015632848
1977,1977,0,4015632849
1978,1978,0,4015632850
1979,1979,0,4015632851
1980,1980,0,4015632852
1981,1981,0,4015632853
1982,1982,0,4015632854
1983,1983,0,4015632855
1984,1984,0,4015632856
1985,1985,0,4015632857
1986,1986,0,4015632858
1987,1987,0,4015632859
1988,1988,0,4015632860
1989,1989,0,4015632861
1990,1990,0,4015632862
1991,1991,0,4015632863
1992,1992,0,4015632864
1993,1993,0,4015632865
1994,1994,0,4015632866
1995,1995,0,4015632867
1996,1996,0,4015632868
1997,1997,0,4015632869
1998,1998,0,4015632870
1999,1999,0,4015632871
2000,2000,0,4015632872
2001,2001,0,4015632873
2002,2002,0,4015632874
2003,2003,0,4015632875
2004,2004,0,4015632876
2005,2005,0,4015632877
2006,2006,0,4015632878
2007,2007,0,4015632879
2008,2008,0,4015632880
2009,2009,0,4015632881
2010,2010,0,4015632882
2011,2011,0,4015632883
2012,2012,0,4015632884
2013,2013,0,4015632885
2014,2014,0,4015632886
2015,2015,0,4015632887
2016,2016,0,4015632888
2017,2017,0,4015632889
2018,2018,0,4015632890
2019,2019,0,4015632891
2020,2020,0,4015632892
2021,2021,0,4015632893
2022,2022,0,4015632894
2023,2023,0,4015632895
2024,2024,0,4015632896
2025,2025,0,4015632897
2026,2026,0,4015632898
2027,2027,0,4015632899
2028,2028,0,4015632900
2029,2029,0,4015632901
2030,2030,0,4015632902
2031,2031,0,4015632903
2032,2032,0,4015632904
2033,2033,0,4015632905
2034,2034,0,4015632906
2035,2035,0,4015632907
2036,2036,0,4015632908
2037,2037,0,4015632909
2038,2038,0,4015632910
2039,2039,0,4015632911
2040,2040,0,4015632912
2041,2041,0,4015632913
2042,2042,0,4015632914
2043,2043,0,4015632915
2044,2044,0,4015632916
2045,2045,0,4015632917
2046,2046,0,4015632918
2047,2047,0,4015632919
2048,2048,1,4015632920
2049,2049,0,4015632921
2050,2050,0,4015632922
2051,2051,0,4015632923
2052,2052,0,4015632924
2053,2053,0,4015632925
2054,2054,0,4015632926
2055,2055,0,4015632927
2056,2056,0,4015632928
2057,2057,0,4015632929
2058,2058,0,4015632930
2059,2059,0,4015632931
2060,2060,0,4015632932
2061,2061,0,4015632933
2062,2062,0,4015632934
2063,2063,0,4015632935
2064,2064,0,4015632936
2065,2065,0,4015632937
2066,2066,0,4015632938
2067,2067,0,4015632939
2068,2068,0,4015632940
2069,2069,0,4015632941
2070,2070,0,4015632942
2071,2071,0,4015632943
2072,2072,0,4015632944
2073,2073,0,4015632945
2074,2074,0,4015632946
2075,2075,0,4015632947
2076,2076,0,4015632948
2077,2077,0,4015632949
2078,2078,0,4015632950
2079,2079,0,4015632951
2080,2080,0,4015632952
2081,2081,0,4015632953
2082,2082,0,4015632954
2083,2083,0,4015632955
2084,2084,0,4015632956
2085,2085,0,4015632957
2086,2086,0,4015632958
2087,2087,0,4015632959
2088,2088,0,4015632960
2089,2089,0,4015632961
2090,2090,0,4015632962
2091,2091,0,4015632963
2092,2092,0,4015632964
2093,2093,0,4015632965
2094,2094,0,4015632966
2095,2095,0,4015632967
2096,2096,0,4015632968
2097,2097,0,4015632969
2098,2098,0,4015632970
2099,2099,0,4015632971
2100,2100,0,4015632972
2101,2101,0,4015632973
2102,2102,0,4015632974
2103,2103,0,4015632975
2104,2104,0,4015632976
2105,2105,0,4015632977
2106,2106,0,4015632978
2107,2107,0,4015632979
2108,2108,0,4015632980
2109,2109,0,4015632981
2110,2110,0,4015632982
2111,2111,0,4015632983
2112,2112,0,4015632984
2113,2113,0,4015632985
2114,2114,0,4015632986
2115,2115,0,4015632987
2116,2116,0,4015632988
2117,2117,0,4015632989
2118,2118,0,4015632990
2119,2119,0,4015632991
2120,2120,0,4015632992
2121,2121,0,4015632993
2122,2122,0,4015632994
2123,2123,0,4015632995
2124,2124,0,4015632996
2125,2125,0,4015632997
2126,2126,0,4015632998
2127,2127,0,4015632999
2128,2128,0,4015633000
2129,2129,0,4015633001
2130,2130,0,4015633002
2131,2131,0,4015633003
2132,2132,0,4015633004
2133,2133,0,4015633005
2134,2134,0,4015633006
2135,2135,0,4015633007
2136,2136,0,4015633008
2137,2137,0,4015633009
2138,2138,0,4015633010
2139,2139,0,4015633011
2140,2140,0,4015633012
2141,2141,0,4015633013
2142,2142,0,4015633014
2143,2143,0,4015633015
2144,2144,0,4015633016
2145,2145,0,4015633017
2146,2146,0,4015633018
2147,2147,0,4015633019
2148,2148,0,4015633020
2149,2149,0,4015633021
2150,2150,0,4015633022
2151,2151,0,4015633023
2152,2152,0,4015633024
2153,2153,0,4015633025
2154,2154,0,4015633026
2155,2155,0,4015633027
2156,2156,0,4015633028
2157,2157,0,4015633029
2158,2158,0,4015633030
2159,2159,0,4015633031
2160,2160,0,4015633032
2161,2161,0,4015633033
2162,2162,0,4015633034
2163,2163,0,4015633035
2164,2164,0,4015633036
2165,2165,0,4015633037
2166,2166,0,4015633038
2167,2167,0,4015633039
2168,2168,0,4015633040
2169,2169,0,4015633041
2170,2170,0,4015633042
2171,2171,0,4015633043
2172,2172,0,4015633044
2173,2173,0,4015633045
2174,2174,0,4015633046
2175,2175,0,4015633047
2176,2176,0,4015633048
2177,2177,0,4015633049
2178,2178,0,4015633050
2179,2179,0,4015633051
2180,2180,0,4015633052
2181,2181,0,4015633053
2182,2182,0,4015633054
2183,2183,0,4015633055
2184,2184,0,4015633056
2185,2185,0,4015633057
2186,2186,0,4015633058
2187,2187,0,4015633059
2188,2188,0,4015633060
2189,2189,0,4015633061
2190,2190,0,4015633062
2191,2191,0,4015633063
2192,2192,0,4015633064
2193,2193,0,4015633065
2194,2194,0,4015633066
2195,2195,0,4015633067
2196,2196,0,4015633068
2197,2197,0,4015633069
2198,2198,0,4015633070
2199,2199,0,4015633071
2200,2200,0,4015633072
2201,2201,0,4015633073
2202,2202,0,4015633074
2203,2203,0,4015633075
2204,2204,0,4015633076
2205,2205,0,4015633077
2206,2206,0,4015633078
2207,2207,0,4015633079
2208,2208,0,4015633080
2209,2209,0,4015633081
2210,2210,0,4015633082
2211,2211,0,4015633083
2212,2212,0,4015633084
2213,2213,0,4015633085
2214,2214,0,4015633086
2215,2215,0,4015633087
2216,2216,0,4015633088
2217,2217,0,4015633089
2218,2218,0,4015633090
2219,2219,0,4015633091
2220,2220,0,4015633092
2221,2221,0,4015633093
2222,2222,0,4015633094
2223,2223,0,4015633095
2224,2224,0,4015633096
2225,2225,0,4015633097
2226,2226,0,4015633098
2227,2227,0,4015633099
2228,2228,0,4015633100
2229,2229,0,4015633101
2230,2230,0,4015633102
2231,2231,0,4015633103
2232,2232,0,4015633104
2233,2233,0,4015633105
2234,2234,0,4015633106
2235,2235,0,4015633107
2236,2236,0,4015633108
2237,2237,0,4015633109
2238,2238,0,4015633110
2239,2239,0,4015633111
2240,2240,0,4015633112
2241,2241,0,4015633113
2242,2242,0,4015633114
2243,2243,0,4015633115
2244,2244,0,4015633116
2245,2245,0,4015633117
2246,2246,0,4015633118
2247,2247,0,4015633119
2248,2248,0,4015633120
2249,2249,0,4015633121
2250,2250,0,4015633122
2251,2251,0,4015633123
2252,2252,0,4015633124
2253,2253,0,4015633125
2254,2254,0,4015633126
2255,2255,0,4015633127
2256,2256,0,4015633128
2257,2257,0,4015633129
2258,2258,0,4015633130
2259,2259,0,4015633131
2260,2260,0,4015633132
2261,2261,0,4015633133
2262,2262,0,4015633134
2263,2263,0,4015633135
2264,2264,0,4015633136
2265,2265,0,4015633137
2266,2266,0,4015633138
2267,2267,0,4015633139
2268,2268,0,4015633140
2269,2269,0,4015633141
2270,2270,0,4015633142
2271,2271,0,4015633143
2272,2272,0,4015633144
2273,2273,0,4015633145
2274,2274,0,4015633146
2275,2275,0,4015633147
2276,2276,0,4015633148
2277,2277,0,4015633149
2278,2278,0,4015633150
2279,2279,0,4015633151
2280,2280,0,4015633152
2281,2281,0,4015633153
2282,2282,0,4015633154
2283,2283,0,4015633155
2284,2284,0,4015633156
2285,2285,0,4015633157
2286,2286,0,4015633158
2287,2287,0,4015633159
2288,2288,0,4015633160
2289,2289,0,4015633161
2290,2290,0,4015633162
2291,2291,0,4015633163
2292,2292,0,4015633164
2293,2293,0,4015633165
2294,2294,0,4015633166
2295,2295,0,4015633167
2296,2296,0,4015633168
2297,2297,0,4015633169
2298,2298,0,4015633170
2299,2299,0,4015633171
2300,2300,0,4015633172
2301,2301,0,4015633173
2302,2302,0,4015633174
2303,2303,0,4015633175
2304,2304,0,4015633176
2305,2305,0,4015633177
2306,2306,0,4015633178
2307,2307,0,4015633179
2308,2308,0,4015633180
2309,2309,0,4015633181
2310,2310,0,4015633182
2311,2311,0,4015633183
2312,2312,0,4015633184
2313,2313,0,4015633185
2314,2314,0,4015633186
2315,2315,0,4015633187
2316,2316,0,4015633188
2317,2317,0,4015633189
2318,2318,0,4015633190
2319,2319,0,4015633191
2320,2320,0,4015633192
2321,2321,0,4015633193
2322,2322,0,4015633194
2323,2323,0,4015633195
2324,2324,0,4015633196
2325,2325,0,4015633197
2326,2326,0,4015633198
2327,2327,0,4015633199
2328,2328,0,4015633200
2329,2329,0,4015633201
2330,2330,0,4015633202
2331,2331,0,4015633203
2332,2332,0,4015633204
2333,2333,0,4015633205
2334,2334,0,4015633206
2335,2335,0,4015633207
2336,2336,0,4015633208
2337,2337,0,4015633209
2338,2338,0,4015633210
2339,2339,0,4015633211
2340,2340,0,4015633212
2341,2341,0,4015633213
2342,2342,0,4015633214
2343,2343,0,4015633215
2344,2344,0,4015633216
2345,2345,0,4015633217
2346,2346,0,4015633218
2347,2347,0,4015633219
2348,2348,0,4015633220
2349,2349,0,4015633221
2350,2350,0,4015633222
2351,2351,0,4015633223
2352,2352,0,4015633224
2353,2353,0,4015633225
2354,2354,0,4015633226
2355,2355,0,4015633227
2356,2356,0,4015633228
2357,2357,0,4015633229
2358,2358,0,4015633230
2359,2359,0,4015633231
2360,2360,0,4015633232
2361,2361,0,4015633233
2362,2362,0,4015633234
2363,2363,0,4015633235
2364,2364,0,4015633236
2365,2365,0,4015633237
2366,2366,0,4015633238
2367,2367,0,4015633239
2368,2368,0,4015633240
2369,2369,0,4015633241
2370,2370,0,4015633242
2371,2371,0,4015633243
2372,2372,0,4015633244
2373,2373,0,4015633245
2374,2374,0,4015633246
2375,2375,0,4015633247
2376,2376,0,4015633248
2377,2377,0,4015633249
2378,2378,0,4015633250
2379,2379,0,4015633251
2380,2380,0,4015633252
2381,2381,0,4015633253
2382,2382,0,4015633254
2383,2383,0,4015633255
2384,2384,0,4015633256
2385,2385,0,4015633257
2386,2386,0,4015633258
2387,2387,0,4015633259
2388,2388,0,4015633260
2389,2389,0,4015633261
2390,2390,0,4015633262
2391,2391,0,4015633263
2392,2392,0,4015633264
2393,2393,0,4015633265
2394,2394,0,4015633266
2395,2395,0,4015633267
2396,2396,0,4015633268
2397,2397,0,4015633269
2398,2398,0,4015633270
2399,2399,0,4015633271
2400,2400,0,4015633272
2401,2401,0,4015633273
2402,2402,0,4015633274
2403,2403,0,4015633275
2404,2404,0,4015633276
2405,2405,0,4015633277
2406,2406,0,4015633278
2407,2407,0,4015633279
2408,2408,0,4015633280
2409,2409,0,4015633281
2410,2410,0,4015633282
2411,2411,0,4015633283
2412,2412,0,4015633284
2413,2413,0,4015633285
2414,2414,0,4015633286
2415,2415,0,4015633287
2416,2416,0,4015633288
2417,2417,0,4015633289
2418,2418,0,4015633290
2419,2419,0,4015633291
2420,2420,0,4015633292
2421,2421,0,4015633293
2422,2422,0,4015633294
2423,2423,0,4015633295
2424,2424,0,4015633296
2425,2425,0,4015633297
2426,2426,0,4015633298
2427,2427,0,4015633299
2428,2428,0,4015633300
2429,2429,0,4015633301
2430,2430,0,4015633302
2431,2431,0,4015633303
2432,2432,0,4015633304
2433,2433,0,4015633305
2434,2434,0,4015633306
2435,2435,0,4015633307
2436,2436,0,4015633308
2437,2437,0,4015633309
2438,2438,0,4015633310
2439,2439,0,4015633311
2440,2440,0,4015633312
2441,2441,0,4015633313
2442,2442,0,4015633314
2443,2443,0,4015633315
2444,2444,0,4015633316
2445,2445,0,4015633317
2446,2446,0,4015633318
2447,2447,0,4015633319
2448,2448,0,4015633320
2449,2449,0,4015633321
2450,2450,0,4015633322
2451,2451,0,4015633323
2452,2452,0,4015633324
2453,2453,0,4015633325
2454,2454,0,4015633326
2455,2455,0,4015633327
2456,2456,0,4015633328
2457,2457,0,4015633329
2458,2458,0,4015633330
2459,2459,0,4015633331
2460,2460,0,4015633332
2461,2461,0,4015633333
2462,2462,0,4015633334
2463,2463,0,4015633335
2464,2464,0,4015633336
2465,2465,0,4015633337
2466,2466,0,4015633338
2467,2467,0,4015633339
2468,2468,0,4015633340
2469,2469,0,4015633341
2470,2470,0,4015633342
2471,2471,0,4015633343
2472,2472,0,4015633344
2473,2473,0,4015633345
2474,2474,0,4015633346
2475,2475,0,4015633347
2476,2476,0,4015633348
2477,2477,0,4015633349
2478,2478,0,4015633350
2479,2479,0,4015633351
2480,2480,0,4015633352
2481,2481,0,4015633353
2482,2482,0,4015633354
2483,2483,0,4015633355
2484,2484,0,4015633356
2485,2485,0,4015633357
2486,2486,0,4015633358
2487,2487,0,4015633359
2488,2488,0,4015633360
2489,2489,0,4015633361
2490,2490,0,4015633362
2491,2491,0,4015633363
2492,2492,0,4015633364
2493,2493,0,4015633365
2494,2494,0,4015633366
2495,2495,0,4015633367
2496,2496,0,4015633368
2497,2497,0,4015633369
2498,2498,0,4015633370
2499,2499,0,4015633371
2500,2500,0,4015633372
2501,2501,0,4015633373
2502,2502,0,4015633374
2503,2503,0,4015633375
2504,2504,0,4015633376
2505,2505,0,4015633377
2506,2506,0,4015633378
2507,2507,0,4015633379
2508,2508,0,4015633380
2509,2509,0,4015633381
2510,2510,0,4015633382
2511,2511,0,4015633383
2512,2512,0,4015633384
2513,2513,0,4015633385
2514,2514,0,4015633386
2515,2515,0,4015633387
2516,2516,0,4015633388
2517,2517,0,4015633389
2518,2518,0,4015633390
2519,2519,0,4015633391
2520,2520,0,4015633392
2521,2521,0,4015633393
2522,2522,0,4015633394
2523,2523,0,4015633395
2524,2524,0,4015633396
2525,2525,0,4015633397
2526,2526,0,4015633398
2527,2527,0,4015633399
2528,2528,0,4015633400
2529,2529,0,4015633401
2530,2530,0,4015633402
2531,2531,0,4015633403
2532,2532,0,4015633404
2533,2533,0,4015633405
2534,2534,0,4015633406
2535,2535,0,4015633407
2536,2536,0,4015633408
2537,2537,0,4015633409
2538,2538,0,4015633410
2539,2539,0,4015633411
2540,2540,0,4015633412
2541,2541,0,4015633413
2542,2542,0,4015633414
2543,2543,0,4015633415
2544,2544,0,4015633416
2545,2545,0,4015633417
2546,2546,0,4015633418
2547,2547,0,4015633419
2548,2548,0,4015633420
2549,2549,0,4015633421
2550,2550,0,4015633422
2551,2551,0,4015633423
2552,2552,0,4015633424
2553,2553,0,4015633425
2554,2554,0,4015633426
2555,2555,0,4015633427
2556,2556,0,4015633428
2557,2557,0,4015633429
2558,2558,0,4015633430
2559,2559,0,4015633431
2560,2560,0,4015633432
2561,2561,0,4015633433
2562,2562,0,4015633434
2563,2563,0,4015633435
2564,2564,0,4015633436
2565,2565,0,4015633437
2566,2566,0,4015633438
2567,2567,0,4015633439
2568,2568,0,4015633440
2569,2569,0,4015633441
2570,2570,0,4015633442
2571,2571,0,4015633443
2572,2572,0,4015633444
2573,2573,0,4015633445
2574,2574,0,4015633446
2575,2575,0,4015633447
2576,2576,0,4015633448
2577,2577,0,4015633449
2578,2578,0,4015633450
2579,2579,0,4015633451
2580,2580,0,4015633452
2581,2581,0,4015633453
2582,2582,0,4015633454
2583,2583,0,4015633455
2584,2584,0,4015633456
2585,2585,0,4015633457
2586,2586,0,4015633458
2587,2587,0,4015633459
2588,2588,0,4015633460
2589,2589,0,4015633461
2590,2590,0,4015633462
2591,2591,0,4015633463
2592,2592,0,4015633464
2593,2593,0,4015633465
2594,2594,0,4015633466
2595,2595,0,4015633467
2596,2596,0,4015633468
2597,2597,0,4015633469
2598,2598,0,4015633470
2599,2599,0,4015633471
2600,2600,0,4015633472
2601,2601,0,4015633473
2602,2602,0,4015633474
2603,2603,0,4015633475
2604,2604,0,4015633476
2605,2605,0,4015633477
2606,2606,0,4015633478
2607,2607,0,4015633479
2608,2608,0,4015633480
2609,2609,0,4015633481
2610,2610,0,4015633482
2611,2611,0,4015633483
2612,2612,0,4015633484
2613,2613,0,4015633485
2614,2614,0,4015633486
2615,2615,0,4015633487
2616,2616,0,4015633488
2617,2617,0,4015633489
2618,2618,0,4015633490
2619,2619,0,4015633491
2620,2620,0,4015633492
2621,2621,0,4015633493
2622,2622,0,4015633494
2623,2623,0,4015633495
2624,2624,0,4015633496
2625,2625,0,4015633497
2626,2626,0,4015633498
2627,2627,0,4015633499
2628,2628,0,4015633500
2629,2629,0,4015633501
2630,2630,0,4015633502
2631,2631,0,4015633503
2632,2632,0,4015633504
2633,2633,0,4015633505
2634,2634,0,4015633506
2635,2635,0,4015633507
2636,2636,0,4015633508
2637,2637,0,4015633509
2638,2638,0,4015633510
2639,2639,0,4015633511
2640,2640,0,4015633512
2641,2641,0,4015633513
2642,2642,0,4015633514
2643,2643,0,4015633515
2644,2644,0,4015633516
2645,2645,0,4015633517
2646,2646,0,4015633518
2647,2647,0,4015633519
2648,2648,0,4015633520
2649,2649,0,4015633521
2650,2650,0,4015633522
2651,2651,0,4015633523
2652,2652,0,4015633524
2653,2653,0,4015633525
2654,2654,0,4015633526
2655,2655,0,4015633527
2656,2656,0,4015633528
2657,2657,0,4015633529
2658,2658,0,4015633530
2659,2659,0,4015633531
2660,2660,0,4015633532
2661,2661,0,4015633533
2662,2662,0,4015633534
2663,2663,0,4015633535
2664,2664,0,4015633536
2665,2665,0,4015633537
2666,2666,0,4015633538
2667,2667,0,4015633539
2668,2668,0,4015633540
2669,2669,0,4015633541
2670,2670,0,4015633542
2671,2671,0,4015633543
2672,2672,0,4015633544
2673,2673,0,4015633545
2674,2674,0,4015633546
2675,2675,0,4015633547
2676,2676,0,4015633548
2677,2677,0,4015633549
2678,2678,0,4015633550
2679,2679,0,4015633551
2680,2680,0,4015633552
2681,2681,0,4015633553
2682,2682,0,4015633554
2683,2683,0,4015633555
2684,2684,0,4015633556
2685,2685,0,4015633557
2686,2686,0,4015633558
2687,2687,0,4015633559
2688,2688,0,4015633560
2689,2689,0,4015633561
2690,2690,0,4015633562
2691,2691,0,4015633563
2692,2692,0,4015633564
2693,2693,0,4015633565
2694,2694,0,4015633566
2695,2695,0,4015633567
2696,2696,0,4015633568
2697,2697,0,4015633569
2698,2698,0,4015633570
2699,2699,0,4015633571
2700,2700,0,4015633572
2701,2701,0,4015633573
2702,2702,0,4015633574
2703,2703,0,4015633575
2704,2704,0,4015633576
2705,2705,0,4015633577
2706,2706,0,4015633578
2707,2707,0,4015633579
2708,2708,0,4015633580
2709,2709,0,4015633581
2710,2710,0,4015633582
2711,2711,0,4015633583
2712,2712,0,4015633584
2713,2713,0,4015633585
2714,2714,0,4015633586
2715,2715,0,4015633587
2716,2716,0,4015633588
2717,2717,0,4015633589
2718,2718,0,4015633590
2719,2719,0,4015633591
2720,2720,0,4015633592
2721,2721,0,4015633593
2722,2722,0,4015633594
2723,2723,0,4015633595
2724,2724,0,4015633596
2725,2725,0,4015633597
2726,2726,0,4015633598
2727,2727,0,4015633599
2728,2728,0,4015633600
2729,2729,0,4015633601
2730,2730,0,4015633602
2731,2731,0,4015633603
2732,2732,0,4015633604
2733,2733,0,4015633605
2734,2734,0,4015633606
2735,2735,0,4015633607
2736,2736,0,4015633608
2737,2737,0,4015633609
2738,2738,0,4015633610
2739,2739,0,4015633611
2740,2740,0,4015633612
2741,2741,0,4015633613
2742,2742,0,4015633614
2743,2743,0,4015633615
2744,2744,0,4015633616
2745,2745,0,4015633617
2746,2746,0,4015633618
2747,2747,0,4015633619
2748,2748,0,4015633620
2749,2749,0,4015633621
2750,2750,0,4015633622
2751,2751,0,4015633623
2752,2752,0,4015633624
2753,2753,0,4015633625
2754,2754,0,4015633626
2755,2755,0,4015633627
2756,2756,0,4015633628
2757,2757,0,4015633629
2758,2758,0,4015633630
2759,2759,0,4015633631
2760,2760,0,4015633632
2761,2761,0,4015633633
2762,2762,0,4015633634
2763,2763,0,4015633635
2764,2764,0,4015633636
2765,2765,0,4015633637
2766,2766,0,4015633638
2767,2767,0,4015633639
2768,2768,0,4015633640
2769,2769,0,4015633641
2770,2770,0,4015633642
2771,2771,0,4015633643
2772,2772,0,4015633644
2773,2773,0,4015633645
2774,2774,0,4015633646
2775,2775,0,4015633647
2776,2776,0,4015633648
2777,2777,0,4015633649
2778,2778,0,4015633650
2779,2779,0,4015633651
2780,2780,0,4015633652
2781,2781,0,4015633653
2782,2782,0,4015633654
2783,2783,0,4015633655
2784,2784,0,4015633656
2785,2785,0,4015633657
2786,2786,0,4015633658
2787,2787,0,4015633659
2788,2788,0,4015633660
2789,2789,0,4015633661
2790,2790,0,4015633662
2791,2791,0,4015633663
2792,2792,0,4015633664
2793,2793,0,4015633665
2794,2794,0,4015633666
2795,2795,0,4015633667
2796,2796,0,4015633668
2797,2797,0,4015633669
2798,2798,0,4015633670
2799,2799,0,4015633671
2800,2800,0,4015633672
2801,2801,0,4015633673
2802,2802,0,4015633674
2803,2803,0,4015633675
2804,2804,0,4015633676
2805,2805,0,4015633677
2806,2806,0,4015633678
2807,2807,0,4015633679
2808,2808,0,4015633680
2809,2809,0,4015633681
2810,2810,0,4015633682
2811,2811,0,4015633683
2812,2812,0,4015633684
2813,2813,0,4015633685
2814,2814,0,4015633686
2815,2815,0,4015633687
2816,2816,0,4015633688
2817,2817,0,4015633689
2818,2818,0,4015633690
2819,2819,0,4015633691
2820,2820,0,4015633692
2821,2821,0,4015633693
2822,2822,0,4015633694
2823,2823,0,4015633695
2824,2824,0,4015633696
2825,2825,0,4015633697
2826,2826,0,4015633698
2827,2827,0,4015633699
2828,2828,0,4015633700
2829,2829,0,4015633701
2830,2830,0,4015633702
2831,2831,0,4015633703
2832,2832,0,4015633704
2833,2833,0,4015633705
2834,2834,0,4015633706
2835,2835,0,4015633707
2836,2836,0,4015633708
2837,2837,0,4015633709
2838,2838,0,4015633710
2839,2839,0,4015633711
2840,2840,0,4015633712
2841,2841,0,4015633713
2842,2842,0,4015633714
2843,2843,0,4015633715
2844,2844,0,4015633716
2845,2845,0,4015633717
2846,2846,0,4015633718
2847,2847,0,4015633719
2848,2848,0,4015633720
2849,2849,0,4015633721
2850,2850,0,4015633722
2851,2851,0,4015633723
2852,2852,0,4015633724
2853,2853,0,4015633725
2854,2854,0,4015633726
2855,2855,0,4015633727
2856,2856,0,4015633728
2857,2857,0,4015633729
2858,2858,0,4015633730
2859,2859,0,4015633731
2860,2860,0,4015633732
2861,2861,0,4015633733
2862,2862,0,4015633734
2863,2863,0,4015633735
2864,2864,0,4015633736
2865,2865,0,4015633737
2866,2866,0,4015633738
2867,2867,0,4015633739
2868,2868,0,4015633740
2869,2869,0,4015633741
2870,2870,0,4015633742
2871,2871,0,4015633743
2872,2872,0,4015633744
2873,2873,0,4015633745
2874,2874,0,4015633746
2875,2875,0,4015633747
2876,2876,0,4015633748
2877,2877,0,4015633749
2878,2878,0,4015633750
2879,2879,0,4015633751
2880,2880,0,4015633752
2881,2881,0,4015633753
2882,2882,0,4015633754
2883,2883,0,4015633755
2884,2884,0,4015633756
2885,2885,0,4015633757
2886,2886,0,4015633758
2887,2887,0,4015633759
2888,2888,0,4015633760
2889,2889,0,4015633761
2890,2890,0,4015633762
2891,2891,0,4015633763
2892,2892,0,4015633764
2893,2893,0,4015633765
2894,2894,0,4015633766
2895,2895,0,4015633767
2896,2896,0,4015633768
2897,2897,0,4015633769
2898,2898,0,4015633770
2899,2899,0,4015633771
2900,2900,0,4015633772
2901,2901,0,4015633773
2902,2902,0,4015633774
2903,2903,0,4015633775
2904,2904,0,4015633776
2905,2905,0,4015633777
2906,2906,0,4015633778
2907,2907,0,4015633779
2908,2908,0,4015633780
2909,2909,0,4015633781
2910,2910,0,4015633782
2911,2911,0,4015633783
2912,2912,0,4015633784
2913,2913,0,4015633785
2914,2914,0,4015633786
2915,2915,0,4015633787
2916,2916,0,4015633788
2917,2917,0,4015633789
2918,2918,0,4015633790
2919,2919,0,4015633791
2920,2920,0,4015633792
2921,2921,0,4015633793
2922,2922,0,4015633794
2923,2923,0,4015633795
2924,2924,0,4015633796
2925,2925,0,4015633797
2926,2926,0,4015633798
2927,2927,0,4015633799
2928,2928,0,4015633800
2929,2929,0,4015633801
2930,2930,0,4015633802
2931,2931,0,4015633803
2932,2932,0,4015633804
2933,2933,0,4015633805
2934,2934,0,4015633806
2935,2935,0,4015633807
2936,2936,0,4015633808
2937,2937,0,4015633809
2938,2938,0,4015633810
2939,2939,0,4015633811
2940,2940,0,4015633812
2941,2941,0,4015633813
2942,2942,0,4015633814
2943,2943,0,4015633815
2944,2944,0,4015633816
2945,2945,0,4015633817
2946,2946,0,4015633818
2947,2947,0,4015633819
2948,2948,0,4015633820
2949,2949,0,4015633821
2950,2950,0,4015633822
2951,2951,0,4015633823
2952,2952,0,4015633824
2953,2953,0,4015633825
2954,2954,0,4015633826
2955,2955,0,4015633827
2956,2956,0,4015633828
2957,2957,0,4015633829
2958,2958,0,4015633830
2959,2959,0,4015633831
2960,2960,0,4015633832
2961,2961,0,4015633833
2962,2962,0,4015633834
2963,2963,0,4015633835
2964,2964,0,4015633836
2965,2965,0,4015633837
2966,2966,0,4015633838
2967,2967,0,4015633839
2968,2968,0,4015633840
2969,2969,0,4015633841
2970,2970,0,4015633842
2971,2971,0,4015633843
2972,2972,0,4015633844
2973,2973,0,4015633845
2974,2974,0,4015633846
2975,2975,0,4015633847
2976,2976,0,4015633848
2977,2977,0,4015633849
2978,2978,0,4015633850
2979,2979,0,4015633851
2980,2980,0,4015633852
2981,2981,0,4015633853
2982,2982,0,4015633854
2983,2983,0,4015633855
2984,2984,0,4015633856
2985,2985,0,4015633857
2986,2986,0,4015633858
2987,2987,0,4015633859
2988,2988,0,4015633860
2989,2989,0,4015633861
2990,2990,0,4015633862
2991,2991,0,4015633863
2992,2992,0,4015633864
2993,2993,0,4015633865
2994,2994,0,4015633866
2995,2995,0,4015633867
2996,2996,0,4015633868
2997,2997,0,4015633869
2998,2998,0,4015633870
2999,2999,0,4015633871
3000,3000,0,4015633872
3001,3001,0,4015633873
3002,3002,0,4015633874
3003,3003,0,4015633875
3004,3004,0,4015633876
3005,3005,0,4015633877
3006,3006,0,4015633878
3007,3007,0,4015633879
3008,3008,0,4015633880
3009,3009,0,4015633881
3010,3010,0,4015633882
3011,3011,0,4015633883
3012,3012,0,4015633884
3013,3013,0,4015633885
3014,3014,0,4015633886
3015,3015,0,4015633887
3016,3016,0,4015633888
3017,3017,0,4015633889
3018,3018,0,4015633890
3019,3019,0,4015633891
3020,3020,0,4015633892
3021,3021,0,4015633893
3022,3022,0,4015633894
3023,3023,0,4015633895
3024,3024,0,4015633896
3025,3025,0,4015633897
3026,3026,0,4015633898
3027,3027,0,4015633899
3028,3028,0,4015633900
3029,3029,0,4015633901
3030,3030,0,4015633902
3031,3031,0,4015633903
3032,3032,0,4015633904
3033,3033,0,4015633905
3034,3034,0,4015633906
3035,3035,0,4015633907
3036,3036,0,4015633908
3037,3037,0,4015633909
3038,3038,0,4015633910
3039,3039,0,4015633911
3040,3040,0,4015633912
3041,3041,0,4015633913
3042,3042,0,4015633914
3043,3043,0,4015633915
3044,3044,0,4015633916
3045,3045,0,4015633917
3046,3046,0,4015633918
3047,3047,0,4015633919
3048,3048,0,4015633920
3049,3049,0,4015633921
3050,3050,0,4015633922
3051,3051,0,4015633923
3052,3052,0,4015633924
3053,3053,0,4015633925
3054,3054,0,4015633926
3055,3055,0,4015633927
3056,3056,0,4015633928
3057,3057,0,4015633929
3058,3058,0,4015633930
3059,3059,0,4015633931
3060,3060,0,4015633932
3061,3061,0,4015633933
3062,3062,0,4015633934
3063,3063,0,4015633935
3064,3064,0,4015633936
3065,3065,0,4015633937
3066,3066,0,4015633938
3067,3067,0,4015633939
3068,3068,0,4015633940
3069,3069,0,4015633941
3070,3070,0,4015633942
3071,3071,0,4015633943
3072,3072,0,4015633944
3073,3073,0,4015633945
3074,3074,0,4015633946
3075,3075,0,4015633947
3076,3076,0,4015633948
3077,3077,0,4015633949
3078,3078,0,4015633950
3079,3079,0,4015633951
3080,3080,0,4015633952
3081,3081,0,4015633953
3082,3082,0,4015633954
3083,3083,0,4015633955
3084,3084,0,4015633956
3085,3085,0,4015633957
3086,3086,0,4015633958
3087,3087,0,4015633959
3088,3088,0,4015633960
3089,3089,0,4015633961
3090,3090,0,4015633962
3091,3091,0,4015633963
3092,3092,0,4015633964
3093,3093,0,4015633965
3094,3094,0,4015633966
3095,3095,0,4015633967
3096,3096,0,4015633968
3097,3097,0,4015633969
3098,3098,0,4015633970
3099,3099,0,4015633971
3100,3100,0,4015633972
3101,3101,0,4015633973
3102,3102,0,4015633974
3103,3103,0,4015633975
3104,3104,0,4015633976
3105,3105,0,4015633977
3106,3106,0,4015633978
3107,3107,0,4015633979
3108,3108,0,4015633980
3109,3109,0,4015633981
3110,3110,0,4015633982
3111,3111,0,4015633983
3112,3112,0,4015633984
3113,3113,0,4015633985
3114,3114,0,4015633986
3115,3115,0,4015633987
3116,3116,0,4015633988
3117,3117,0,4015633989
3118,3118,0,4015633990
3119,3119,0,4015633991
3120,3120,0,4015633992
3121,3121,0,4015633993
3122,3122,0,4015633994
3123,3123,0,4015633995
3124,3124,0,4015633996
3125,3125,0,4015633997
3126,3126,0,4015633998
3127,3127,0,4015633999
3128,3128,0,4015634000
3129,3129,0,4015634001
3130,3130,0,4015634002
3131,3131,0,4015634003
3132,3132,0,4015634004
3133,3133,0,4015634005
3134,3134,0,4015634006
3135,3135,0,4015634007
3136,3136,0,4015634008
3137,3137,0,4015634009
3138,3138,0,4015634010
3139,3139,0,4015634011
3140,3140,0,4015634012
3141,3141,0,4015634013
3142,3142,0,4015634014
3143,3143,0,4015634015
3144,3144,0,4015634016
3145,3145,0,4015634017
3146,3146,0,4015634018
3147,3147,0,4015634019
3148,3148,0,4015634020
3149,3149,0,4015634021
3150,3150,0,4015634022
3151,3151,0,4015634023
3152,3152,0,4015634024
3153,3153,0,4015634025
3154,3154,0,4015634026
3155,3155,0,4015634027
3156,3156,0,4015634028
3157,3157,0,4015634029
3158,3158,0,4015634030
3159,3159,0,4015634031
3160,3160,0,4015634032
3161,3161,0,4015634033
3162,3162,0,4015634034
3163,3163,0,4015634035
3164,3164,0,4015634036
3165,3165,0,4015634037
3166,3166,0,4015634038
3167,3167,0,4015634039
3168,3168,0,4015634040
3169,3169,0,4015634041
3170,3170,0,4015634042
3171,3171,0,4015634043
3172,3172,0,4015634044
3173,3173,0,4015634045
3174,3174,0,4015634046
3175,3175,0,4015634047
3176,3176,0,4015634048
3177,3177,0,4015634049
3178,3178,0,4015634050
3179,3179,0,4015634051
3180,3180,0,4015634052
3181,3181,0,4015634053
3182,3182,0,4015634054
3183,3183,0,4015634055
3184,3184,0,4015634056
3185,3185,0,4015634057
3186,3186,0,4015634058
3187,3187,0,4015634059
3188,3188,0,4015634060
3189,3189,0,4015634061
3190,3190,0,4015634062
3191,3191,0,4015634063
3192,3192,0,4015634064
3193,3193,0,4015634065
3194,3194,0,4015634066
3195,3195,0,4015634067
3196,3196,0,4015634068
3197,3197,0,4015634069
3198,3198,0,4015634070
3199,3199,0,4015634071
3200,3200,0,4015634072
3201,3201,0,4015634073
3202,3202,0,4015634074
3203,3203,0,4015634075
3204,3204,0,4015634076
3205,3205,0,4015634077
3206,3206,0,4015634078
3207,3207,0,4015634079
3208,3208,0,4015634080
3209,3209,0,4015634081
3210,3210,0,4015634082
3211,3211,0,4015634083
3212,3212,0,4015634084
3213,3213,0,4015634085
3214,3214,0,4015634086
3215,3215,0,4015634087
3216,3216,0,4015634088
3217,3217,0,4015634089
3218,3218,0,4015634090
3219,3219,0,4015634091
3220,3220,0,4015634092
3221,3221,0,4015634093
3222,3222,0,4015634094
3223,3223,0,4015634095
3224,3224,0,4015634096
3225,3225,0,4015634097
3226,3226,0,4015634098
3227,3227,0,4015634099
3228,3228,0,4015634100
3229,3229,0,4015634101
3230,3230,0,4015634102
3231,3231,0,4015634103
3232,3232,0,4015634104
3233,3233,0,4015634105
3234,3234,0,4015634106
3235,3235,0,4015634107
3236,3236,0,4015634108
3237,3237,0,4015634109
3238,3238,0,4015634110
3239,3239,0,4015634111
3240,3240,0,4015634112
3241,3241,0,4015634113
3242,3242,0,4015634114
3243,3243,0,4015634115
3244,3244,0,4015634116
3245,3245,0,4015634117
3246,3246,0,4015634118
3247,3247,0,4015634119
3248,3248,0,4015634120
3249,3249,0,4015634121
3250,3250,0,4015634122
3251,3251,0,4015634123
3252,3252,0,4015634124
3253,3253,0,4015634125
3254,3254,0,4015634126
3255,3255,0,4015634127
3256,3256,0,4015634128
3257,3257,0,4015634129
3258,3258,0,4015634130
3259,3259,0,4015634131
3260,3260,0,4015634132
3261,3261,0,4015634133
3262,3262,0,4015634134
3263,3263,0,4015634135
3264,3264,0,4015634136
3265,3265,0,4015634137
3266,3266,0,4015634138
3267,3267,0,4015634139
3268,3268,0,4015634140
3269,3269,0,4015634141
3270,3270,0,4015634142
3271,3271,0,4015634143
3272,3272,0,4015634144
3273,3273,0,4015634145
3274,3274,0,4015634146
3275,3275,0,4015634147
3276,3276,0,4015634148
3277,3277,0,4015634149
3278,3278,0,4015634150
3279,3279,0,4015634151
3280,3280,0,4015634152
3281,3281,0,4015634153
3282,3282,0,4015634154
3283,3283,0,4015634155
3284,3284,0,4015634156
3285,3285,0,4015634157
3286,3286,0,4015634158
3287,3287,0,4015634159
3288,3288,0,4015634160
3289,3289,0,4015634161
3290,3290,0,4015634162
3291,3291,0,4015634163
3292,3292,0,4015634164
3293,3293,0,4015634165
3294,3294,0,4015634166
3295,3295,0,4015634167
3296,3296,0,4015634168
3297,3297,0,4015634169
3298,3298,0,4015634170
3299,3299,0,4015634171
3300,3300,0,4015634172
3301,3301,0,4015634173
3302,3302,0,4015634174
3303,3303,0,4015634175
3304,3304,0,4015634176
3305,3305,0,4015634177
3306,3306,0,4015634178
3307,3307,0,4015634179
3308,3308,0,4015634180
3309,3309,0,4015634181
3310,3310,0,4015634182
3311,3311,0,4015634183
3312,3312,0,4015634184
3313,3313,0,4015634185
3314,3314,0,4015634186
3315,3315,0,4015634187
3316,3316,0,4015634188
3317,3317,0,4015634189
3318,3318,0,4015634190
3319,3319,0,4015634191
3320,3320,0,4015634192
3321,3321,0,4015634193
3322,3322,0,4015634194
3323,3323,0,4015634195
3324,3324,0,4015634196
3325,3325,0,4015634197
3326,3326,0,4015634198
3327,3327,0,4015634199
3328,3328,0,4015634200
3329,3329,0,4015634201
3330,3330,0,4015634202
3331,3331,0,4015634203
3332,3332,0,4015634204
3333,3333,0,4015634205
3334,3334,0,4015634206
3335,3335,0,4015634207
3336,3336,0,4015634208
3337,3337,0,4015634209
3338,3338,0,4015634210
3339,3339,0,4015634211
3340,3340,0,4015634212
3341,3341,0,4015634213
3342,3342,0,4015634214
3343,3343,0,4015634215
3344,3344,0,4015634216
3345,3345,0,4015634217
3346,3346,0,4015634218
3347,3347,0,4015634219
3348,3348,0,4015634220
3349,3349,0,4015634221
3350,3350,0,4015634222
3351,3351,0,4015634223
3352,3352,0,4015634224
3353,3353,0,4015634225
3354,3354,0,4015634226
3355,3355,0,4015634227
3356,3356,0,4015634228
3357,3357,0,4015634229
3358,3358,0,4015634230
3359,3359,0,4015634231
3360,3360,0,4015634232
3361,3361,0,4015634233
3362,3362,0,4015634234
3363,3363,0,4015634235
3364,3364,0,4015634236
3365,3365,0,4015634237
3366,3366,0,4015634238
3367,3367,0,4015634239
3368,3368,0,4015634240
3369,3369,0,4015634241
3370,3370,0,4015634242
3371,3371,0,4015634243
3372,3372,0,4015634244
3373,3373,0,4015634245
3374,3374,0,4015634246
3375,3375,0,4015634247
3376,3376,0,4015634248
3377,3377,0,4015634249
3378,3378,0,4015634250
3379,3379,0,4015634251
3380,3380,0,4015634252
3381,3381,0,4015634253
3382,3382,0,4015634254
3383,3383,0,4015634255
3384,3384,0,4015634256
3385,3385,0,4015634257
3386,3386,0,4015634258
3387,3387,0,4015634259
3388,3388,0,4015634260
3389,3389,0,4015634261
3390,3390,0,4015634262
3391,3391,0,4015634263
3392,3392,0,4015634264
3393,3393,0,4015634265
3394,3394,0,4015634266
3395,3395,0,4015634267
3396,3396,0,4015634268
3397,3397,0,4015634269
3398,3398,0,4015634270
3399,3399,0,4015634271
3400,3400,0,4015634272
3401,3401,0,4015634273
3402,3402,0,4015634274
3403,3403,0,4015634275
3404,3404,0,4015634276
3405,3405,0,4015634277
3406,3406,0,4015634278
3407,3407,0,4015634279
3408,3408,0,4015634280
3409,3409,0,4015634281
3410,3410,0,4015634282
3411,3411,0,4015634283
3412,3412,0,4015634284
3413,3413,0,4015634285
3414,3414,0,4015634286
3415,3415,0,4015634287
3416,3416,0,4015634288
3417,3417,0,4015634289
3418,3418,0,4015634290
3419,3419,0,4015634291
3420,3420,0,4015634292
3421,3421,0,4015634293
3422,3422,0,4015634294
3423,3423,0,4015634295
3424,3424,0,4015634296
3425,3425,0,4015634297
3426,3426,0,4015634298
3427,3427,0,4015634299
3428,3428,0,4015634300
3429,3429,0,4015634301
3430,3430,0,4015634302
3431,3431,0,4015634303
3432,3432,0,4015634304
3433,3433,0,4015634305
3434,3434,0,4015634306
3435,3435,0,4015634307
3436,3436,0,4015634308
3437,3437,0,4015634309
3438,3438,0,4015634310
3439,3439,0,4015634311
3440,3440,0,4015634312
3441,3441,0,4015634313
3442,3442,0,4015634314
3443,3443,0,4015634315
3444,3444,0,4015634316
3445,3445,0,4015634317
3446,3446,0,4015634318
3447,3447,0,4015634319
3448,3448,0,4015634320
3449,3449,0,4015634321
3450,3450,0,4015634322
3451,3451,0,4015634323
3452,3452,0,4015634324
3453,3453,0,4015634325
3454,3454,0,4015634326
3455,3455,0,4015634327
3456,3456,0,4015634328
3457,3457,0,4015634329
3458,3458,0,4015634330
3459,3459,0,4015634331
3460,3460,0,4015634332
3461,3461,0,4015634333
3462,3462,0,4015634334
3463,3463,0,4015634335
3464,3464,0,4015634336
3465,3465,0,4015634337
3466,3466,0,4015634338
3467,3467,0,4015634339
3468,3468,0,4015634340
3469,3469,0,4015634341
3470,3470,0,4015634342
3471,3471,0,4015634343
3472,3472,0,4015634344
3473,3473,0,4015634345
3474,3474,0,4015634346
3475,3475,0,4015634347
3476,3476,0,4015634348
3477,3477,0,4015634349
3478,3478,0,4015634350
3479,3479,0,4015634351
3480,3480,0,4015634352
3481,3481,0,4015634353
3482,3482,0,4015634354
3483,3483,0,4015634355
3484,3484,0,4015634356
3485,3485,0,4015634357
3486,3486,0,4015634358
3487,3487,0,4015634359
3488,3488,0,4015634360
3489,3489,0,4015634361
3490,3490,0,4015634362
3491,3491,0,4015634363
3492,3492,0,4015634364
3493,3493,0,4015634365
3494,3494,0,4015634366
3495,3495,0,4015634367
3496,3496,0,4015634368
3497,3497,0,4015634369
3498,3498,0,4015634370
3499,3499,0,4015634371
3500,3500,0,4015634372
3501,3501,0,4015634373
3502,3502,0,4015634374
3503,3503,0,4015634375
3504,3504,0,4015634376
3505,3505,0,4015634377
3506,3506,0,4015634378
3507,3507,0,4015634379
3508,3508,0,4015634380
3509,3509,0,4015634381
3510,3510,0,4015634382
3511,3511,0,4015634383
3512,3512,0,4015634384
3513,3513,0,4015634385
3514,3514,0,4015634386
3515,3515,0,4015634387
3516,3516,0,4015634388
3517,3517,0,4015634389
3518,3518,0,4015634390
3519,3519,0,4015634391
3520,3520,0,4015634392
3521,3521,0,4015634393
3522,3522,0,4015634394
3523,3523,0,4015634395
3524,3524,0,4015634396
3525,3525,0,4015634397
3526,3526,0,4015634398
3527,3527,0,4015634399
3528,3528,0,4015634400
3529,3529,0,4015634401
3530,3530,0,4015634402
3531,3531,0,4015634403
3532,3532,0,4015634404
3533,3533,0,4015634405
3534,3534,0,4015634406
3535,3535,0,4015634407
3536,3536,0,4015634408
3537,3537,0,4015634409
3538,3538,0,4015634410
3539,3539,0,4015634411
3540,3540,0,4015634412
3541,3541,0,4015634413
3542,3542,0,4015634414
3543,3543,0,4015634415
3544,3544,0,4015634416
3545,3545,0,4015634417
3546,3546,0,4015634418
3547,3547,0,4015634419
3548,3548,0,4015634420
3549,3549,0,4015634421
3550,3550,0,4015634422
3551,3551,0,4015634423
3552,3552,0,4015634424
3553,3553,0,4015634425
3554,3554,0,4015634426
3555,3555,0,4015634427
3556,3556,0,4015634428
3557,3557,0,4015634429
3558,3558,0,4015634430
3559,3559,0,4015634431
3560,3560,0,4015634432
3561,3561,0,4015634433
3562,3562,0,4015634434
3563,3563,0,4015634435
3564,3564,0,4015634436
3565,3565,0,4015634437
3566,3566,0,4015634438
3567,3567,0,4015634439
3568,3568,0,4015634440
3569,3569,0,4015634441
3570,3570,0,4015634442
3571,3571,0,4015634443
3572,3572,0,4015634444
3573,3573,0,4015634445
3574,3574,0,4015634446
3575,3575,0,4015634447
3576,3576,0,4015634448
3577,3577,0,4015634449
3578,3578,0,4015634450
3579,3579,0,4015634451
3580,3580,0,4015634452
3581,3581,0,4015634453
3582,3582,0,4015634454
3583,3583,0,4015634455
3584,3584,0,4015634456
3585,3585,0,4015634457
3586,3586,0,4015634458
3587,3587,0,4015634459
3588,3588,0,4015634460
3589,3589,0,4015634461
3590,3590,0,4015634462
3591,3591,0,4015634463
3592,3592,0,4015634464
3593,3593,0,4015634465
3594,3594,0,4015634466
3595,3595,0,4015634467
3596,3596,0,4015634468
3597,3597,0,4015634469
3598,3598,0,4015634470
3599,3599,0,4015634471
3600,3600,0,4015634472
3601,3601,0,4015634473
3602,3602,0,4015634474
3603,3603,0,4015634475
3604,3604,0,4015634476
3605,3605,0,4015634477
3606,3606,0,4015634478
3607,3607,0,4015634479
3608,3608,0,4015634480
3609,3609,0,4015634481
3610,3610,0,4015634482
3611,3611,0,4015634483
3612,3612,0,4015634484
3613,3613,0,4015634485
3614,3614,0,4015634486
3615,3615,0,4015634487
3616,3616,0,4015634488
3617,3617,0,4015634489
3618,3618,0,4015634490
3619,3619,0,4015634491
3620,3620,0,4015634492
3621,3621,0,4015634493
3622,3622,0,4015634494
3623,3623,0,4015634495
3624,3624,0,4015634496
3625,3625,0,4015634497
3626,3626,0,4015634498
3627,3627,0,4015634499
3628,3628,0,4015634500
3629,3629,0,4015634501
3630,3630,0,4015634502
3631,3631,0,4015634503
3632,3632,0,4015634504
3633,3633,0,4015634505
3634,3634,0,4015634506
3635,3635,0,4015634507
3636,3636,0,4015634508
3637,3637,0,4015634509
3638,3638,0,4015634510
3639,3639,0,4015634511
3640,3640,0,4015634512
3641,3641,0,4015634513
3642,3642,0,4015634514
3643,3643,0,4015634515
3644,3644,0,4015634516
3645,3645,0,4015634517
3646,3646,0,4015634518
3647,3647,0,4015634519
3648,3648,0,4015634520
3649,3649,0,4015634521
3650,3650,0,4015634522
3651,3651,0,4015634523
3652,3652,0,4015634524
3653,3653,0,4015634525
3654,3654,0,4015634526
3655,3655,0,4015634527
3656,3656,0,4015634528
3657,3657,0,4015634529
3658,3658,0,4015634530
3659,3659,0,4015634531
3660,3660,0,4015634532
3661,3661,0,4015634533
3662,3662,0,4015634534
3663,3663,0,4015634535
3664,3664,0,4015634536
3665,3665,0,4015634537
3666,3666,0,4015634538
3667,3667,0,4015634539
3668,3668,0,4015634540
3669,3669,0,4015634541
3670,3670,0,4015634542
3671,3671,0,4015634543
3672,3672,0,4015634544
3673,3673,0,4015634545
3674,3674,0,4015634546
3675,3675,0,4015634547
3676,3676,0,4015634548
3677,3677,0,4015634549
3678,3678,0,4015634550
3679,3679,0,4015634551
3680,3680,0,4015634552
3681,3681,0,4015634553
3682,3682,0,4015634554
3683,3683,0,4015634555
3684,3684,0,4015634556
3685,3685,0,4015634557
3686,3686,0,4015634558
3687,3687,0,4015634559
3688,3688,0,4015634560
3689,3689,0,4015634561
3690,3690,0,4015634562
3691,3691,0,4015634563
3692,3692,0,4015634564
3693,3693,0,4015634565
3694,3694,0,4015634566
3695,3695,0,4015634567
3696,3696,0,4015634568
3697,3697,0,4015634569
3698,3698,0,4015634570
3699,3699,0,4015634571
3700,3700,0,4015634572
3701,3701,0,4015634573
3702,3702,0,4015634574
3703,3703,0,4015634575
3704,3704,0,4015634576
3705,3705,0,4015634577
3706,3706,0,4015634578
3707,3707,0,4015634579
3708,3708,0,4015634580
3709,3709,0,4015634581
3710,3710,0,4015634582
3711,3711,0,4015634583
3712,3712,0,4015634584
3713,3713,0,4015634585
3714,3714,0,4015634586
3715,3715,0,4015634587
3716,3716,0,4015634588
3717,3717,0,4015634589
3718,3718,0,4015634590
3719,3719,0,4015634591
3720,3720,0,4015634592
3721,3721,0,4015634593
3722,3722,0,4015634594
3723,3723,0,4015634595
3724,3724,0,4015634596
3725,3725,0,4015634597
3726,3726,0,4015634598
3727,3727,0,4015634599
3728,3728,0,4015634600
3729,3729,0,4015634601
3730,3730,0,4015634602
3731,3731,0,4015634603
3732,3732,0,4015634604
3733,3733,0,4015634605
3734,3734,0,4015634606
3735,3735,0,4015634607
3736,3736,0,4015634608
3737,3737,0,4015634609
3738,3738,0,4015634610
3739,3739,0,4015634611
3740,3740,0,4015634612
3741,3741,0,4015634613
3742,3742,0,4015634614
3743,3743,0,4015634615
3744,3744,0,4015634616
3745,3745,0,4015634617
3746,3746,0,4015634618
3747,3747,0,4015634619
3748,3748,0,4015634620
3749,3749,0,4015634621
3750,3750,0,4015634622
3751,3751,0,4015634623
3752,3752,0,4015634624
3753,3753,0,4015634625
3754,3754,0,4015634626
3755,3755,0,4015634627
3756,3756,0,4015634628
3757,3757,0,4015634629
3758,3758,0,4015634630
3759,3759,0,4015634631
3760,3760,0,4015634632
3761,3761,0,4015634633
3762,3762,0,4015634634
3763,3763,0,4015634635
3764,3764,0,4015634636
3765,3765,0,4015634637
3766,3766,0,4015634638
3767,3767,0,4015634639
3768,3768,0,4015634640
3769,3769,0,4015634641
3770,3770,0,4015634642
3771,3771,0,4015634643
3772,3772,0,4015634644
3773,3773,0,4015634645
3774,3774,0,4015634646
3775,3775,0,4015634647
3776,3776,0,4015634648
3777,3777,0,4015634649
3778,3778,0,4015634650
3779,3779,0,4015634651
3780,3780,0,4015634652
3781,3781,0,4015634653
3782,3782,0,4015634654
3783,3783,0,4015634655
3784,3784,0,4015634656
3785,3785,0,4015634657
3786,3786,0,4015634658
3787,3787,0,4015634659
3788,3788,0,4015634660
3789,3789,0,4015634661
3790,3790,0,4015634662
3791,3791,0,4015634663
3792,3792,0,4015634664
3793,3793,0,4015634665
3794,3794,0,4015634666
3795,3795,0,4015634667
3796,3796,0,4015634668
3797,3797,0,4015634669
3798,3798,0,4015634670
3799,3799,0,4015634671
3800,3800,0,4015634672
3801,3801,0,4015634673
3802,3802,0,4015634674
3803,3803,0,4015634675
3804,3804,0,4015634676
3805,3805,0,4015634677
3806,3806,0,4015634678
3807,3807,0,4015634679
3808,3808,0,4015634680
3809,3809,0,4015634681
3810,3810,0,4015634682
3811,3811,0,4015634683
3812,3812,0,4015634684
3813,3813,0,4015634685
3814,3814,0,4015634686
3815,3815,0,4015634687
3816,3816,0,4015634688
3817,3817,0,4015634689
3818,3818,0,4015634690
3819,3819,0,4015634691
3820,3820,0,4015634692
3821,3821,0,4015634693
3822,3822,0,4015634694
3823,3823,0,4015634695
3824,3824,0,4015634696
3825,3825,0,4015634697
3826,3826,0,4015634698
3827,3827,0,4015634699
3828,3828,0,4015634700
3829,3829,0,4015634701
3830,3830,0,4015634702
3831,3831,0,4015634703
3832,3832,0,4015634704
3833,3833,0,4015634705
3834,3834,0,4015634706
3835,3835,0,4015634707
3836,3836,0,4015634708
3837,3837,0,4015634709
3838,3838,0,4015634710
3839,3839,0,4015634711
3840,3840,0,4015634712
3841,3841,0,4015634713
3842,3842,0,4015634714
3843,3843,0,4015634715
3844,3844,0,4015634716
3845,3845,0,4015634717
3846,3846,0,4015634718
3847,3847,0,4015634719
3848,3848,0,4015634720
3849,3849,0,4015634721
3850,3850,0,4015634722
3851,3851,0,4015634723
3852,3852,0,4015634724
3853,3853,0,4015634725
3854,3854,0,4015634726
3855,3855,0,4015634727
3856,3856,0,4015634728
3857,3857,0,4015634729
3858,3858,0,4015634730
3859,3859,0,4015634731
3860,3860,0,4015634732
3861,3861,0,4015634733
3862,3862,0,4015634734
3863,3863,0,4015634735
3864,3864,0,4015634736
3865,3865,0,4015634737
3866,3866,0,4015634738
3867,3867,0,4015634739
3868,3868,0,4015634740
3869,3869,0,4015634741
3870,3870,0,4015634742
3871,3871,0,4015634743
3872,3872,0,4015634744
3873,3873,0,4015634745
3874,3874,0,4015634746
3875,3875,0,4015634747
3876,3876,0,4015634748
3877,3877,0,4015634749
3878,3878,0,4015634750
3879,3879,0,4015634751
3880,3880,0,4015634752
3881,3881,0,4015634753
3882,3882,0,4015634754
3883,3883,0,4015634755
3884,3884,0,4015634756
3885,3885,0,4015634757
3886,3886,0,4015634758
3887,3887,0,4015634759
3888,3888,0,4015634760
3889,3889,0,4015634761
3890,3890,0,4015634762
3891,3891,0,4015634763
3892,3892,0,4015634764
3893,3893,0,4015634765
3894,3894,0,4015634766
3895,3895,0,4015634767
3896,3896,0,4015634768
3897,3897,0,4015634769
3898,3898,0,4015634770
3899,3899,0,4015634771
3900,3900,0,4015634772
3901,3901,0,4015634773
3902,3902,0,4015634774
3903,3903,0,4015634775
3904,3904,0,4015634776
3905,3905,0,4015634777
3906,3906,0,4015634778
3907,3907,0,4015634779
3908,3908,0,4015634780
3909,3909,0,4015634781
3910,3910,0,4015634782
3911,3911,0,4015634783
3912,3912,0,4015634784
3913,3913,0,4015634785
3914,3914,0,4015634786
3915,3915,0,4015634787
3916,3916,0,4015634788
3917,3917,0,4015634789
3918,3918,0,4015634790
3919,3919,0,4015634791
3920,3920,0,4015634792
3921,3921,0,4015634793
3922,3922,0,4015634794
3923,3923,0,4015634795
3924,3924,0,4015634796
3925,3925,0,4015634797
3926,3926,0,4015634798
3927,3927,0,4015634799
3928,3928,0,4015634800
3929,3929,0,4015634801
3930,3930,0,4015634802
3931,3931,0,4015634803
3932,3932,0,4015634804
3933,3933,0,4015634805
3934,3934,0,4015634806
3935,3935,0,4015634807
3936,3936,0,4015634808
3937,3937,0,4015634809
3938,3938,0,4015634810
3939,3939,0,4015634811
3940,3940,0,4015634812
3941,3941,0,4015634813
3942,3942,0,4015634814
3943,3943,0,4015634815
3944,3944,0,4015634816
3945,3945,0,4015634817
3946,3946,0,4015634818
3947,3947,0,4015634819
3948,3948,0,4015634820
3949,3949,0,4015634821
3950,3950,0,4015634822
3951,3951,0,4015634823
3952,3952,0,4015634824
3953,3953,0,4015634825
3954,3954,0,4015634826
3955,3955,0,4015634827
3956,3956,0,4015634828
3957,3957,0,4015634829
3958,3958,0,4015634830
3959,3959,0,4015634831
3960,3960,0,4015634832
3961,3961,0,4015634833
3962,3962,0,4015634834
3963,3963,0,4015634835
3964,3964,0,4015634836
3965,3965,0,4015634837
3966,3966,0,4015634838
3967,3967,0,4015634839
3968,3968,0,4015634840
3969,3969,0,4015634841
3970,3970,0,4015634842
3971,3971,0,4015634843
3972,3972,0,4015634844
3973,3973,0,4015634845
3974,3974,0,4015634846
3975,3975,0,4015634847
3976,3976,0,4015634848
3977,3977,0,4015634849
3978,3978,0,4015634850
3979,3979,0,4015634851
3980,3980,0,4015634852
3981,3981,0,4015634853
3982,3982,0,4015634854
3983,3983,0,4015634855
3984,3984,0,4015634856
3985,3985,0,4015634857
3986,3986,0,4015634858
3987,3987,0,4015634859
3988,3988,0,4015634860
3989,3989,0,4015634861
3990,3990,0,4015634862
3991,3991,0,4015634863
3992,3992,0,4015634864
3993,3993,0,4015634865
3994,3994,0,4015634866
3995,3995,0,4015634867
3996,3996,0,4015634868
3997,3997,0,4015634869
3998,3998,0,4015634870
3999,3999,0,4015634871
4000,4000,0,4015634872
4001,4001,0,4015634873
4002,4002,0,4015634874
4003,4003,0,4015634875
4004,4004,0,4015634876
4005,4005,0,4015634877
4006,4006,0,4015634878
4007,4007,0,4015634879
4008,4008,0,4015634880
4009,4009,0,4015634881
4010,4010,0,4015634882
4011,4011,0,4015634883
4012,4012,0,4015634884
4013,4013,0,4015634885
4014,4014,0,4015634886
4015,4015,0,4015634887
4016,4016,0,4015634888
4017,4017,0,4015634889
4018,4018,0,4015634890
4019,4019,0,4015634891
4020,4020,0,4015634892
4021,4021,0,4015634893
4022,4022,0,4015634894
4023,4023,0,4015634895
4024,4024,0,4015634896
4025,4025,0,4015634897
4026,4026,0,4015634898
4027,4027,0,4015634899
4028,4028,0,4015634900
4029,4029,0,4015634901
4030,4030,0,4015634902
4031,4031,0,4015634903
4032,4032,0,4015634904
4033,4033,0,4015634905
4034,4034,0,4015634906
4035,4035,0,4015634907
4036,4036,0,4015634908
4037,4037,0,4015634909
4038,4038,0,4015634910
4039,4039,0,4015634911
4040,4040,0,4015634912
4041,4041,0,4015634913
4042,4042,0,4015634914
4043,4043,0,4015634915
4044,4044,0,4015634916
4045,4045,0,4015634917
4046,4046,0,4015634918
4047,4047,0,4015634919
4048,4048,0,4015634920
4049,4049,0,4015634921
4050,4050,0,4015634922
4051,4051,0,4015634923
4052,4052,0,4015634924
4053,4053,0,4015634925
4054,4054,0,4015634926
4055,4055,0,4015634927
4056,4056,0,4015634928
4057,4057,0,4015634929
4058,4058,0,4015634930
4059,4059,0,4015634931
4060,4060,0,4015634932
4061,4061,0,4015634933
4062,4062,0,4015634934
4063,4063,0,4015634935
4064,4064,0,4015634936
4065,4065,0,4015634937
4066,4066,0,4015634938
4067,4067,0,4015634939
4068,4068,0,4015634940
4069,4069,0,4015634941
4070,4070,0,4015634942
4071,4071,0,4015634943
4072,4072,0,4015634944
4073,4073,0,4015634945
4074,4074,0,4015634946
4075,4075,0,4015634947
4076,4076,0,4015634948
4077,4077,0,4015634949
4078,4078,0,4015634950
4079,4079,0,4015634951
4080,4080,0,4015634952
4081,4081,0,4015634953
4082,4082,0,4015634954
4083,4083,0,4015634955
4084,4084,0,4015634956
4085,4085,0,4015634957
4086,4086,0,4015634958
4087,4087,0,4015634959
4088,4088,0,4015634960
4089,4089,0,4015634961
4090,4090,0,4015634962
4091,4091,0,4015634963
4092,4092,0,4015634964
4093,4093,0,4015634965
4094,4094,0,4015634966
4095,4095,0,4015634967
